graph_id,graph6,n,m,GAL,labeling
1,F????,7,0,NO,-
2,F??C?,7,1,NO,-
3,F??E?,7,2,NO,-
4,F??F?,7,3,NO,-
5,F??F_,7,4,NO,-
6,F??Fo,7,5,NO,-
7,F??Fw,7,6,YES,"0:6,1:5,2:4,3:3,4:2,5:1,6:0"
8,F?AA?,7,2,NO,-
9,F?AB?,7,3,NO,-
10,F?AB_,7,4,NO,-
11,F?ABo,7,5,NO,-
12,F?ACG,7,3,NO,-
13,F?AE?,7,3,NO,-
14,F?AEG,7,4,NO,-
15,F?AF?,7,4,NO,-
16,F?AFG,7,5,NO,-
17,F?AF_,7,5,NO,-
18,F?AFg,7,6,YES,"0:6,1:4,2:3,3:2,4:5,5:1,6:0"
19,F?AFo,7,6,YES,"0:6,1:5,2:4,3:2,4:1,5:3,6:0"
20,F?AFw,7,7,YES,"0:5,1:7,2:6,3:4,4:1,5:2,6:0"
21,F?B@_,7,4,NO,-
22,F?B@g,7,5,NO,-
23,F?B@o,7,5,NO,-
24,F?B@w,7,6,YES,"0:5,1:1,2:4,3:3,4:2,5:6,6:0"
25,F?BDG,7,5,NO,-
26,F?BD_,7,5,NO,-
27,F?BDg,7,6,YES,"0:1,1:3,2:4,3:2,4:5,5:6,6:0"
28,F?BDo,7,6,YES,"0:6,1:4,2:5,3:3,4:1,5:2,6:0"
29,F?BDw,7,7,YES,"0:7,1:6,2:4,3:3,4:2,5:1,6:0"
30,F?BE?,7,4,NO,-
31,F?BEG,7,5,NO,-
32,F?BF?,7,5,NO,-
33,F?BFG,7,6,NO,-
34,F?BF_,7,6,YES,"0:6,1:5,2:4,3:1,4:2,5:3,6:0"
35,F?BFg,7,7,YES,"0:7,1:4,2:5,3:2,4:6,5:1,6:0"
36,F?BFo,7,7,YES,"0:7,1:6,2:5,3:2,4:1,5:3,6:0"
37,F?BFw,7,8,YES,"0:7,1:1,2:8,3:6,4:5,5:3,6:0"
38,F?Bco,7,6,YES,"0:6,1:5,2:4,3:1,4:2,5:0,6:3"
39,F?Bcw,7,7,YES,"0:3,1:7,2:6,3:1,4:4,5:0,6:5"
40,F?Be_,7,6,YES,"0:6,1:3,2:4,3:2,4:5,5:0,6:1"
41,F?Beg,7,7,YES,"0:7,1:4,2:5,3:3,4:6,5:0,6:1"
42,F?Beo,7,7,YES,"0:6,1:5,2:4,3:7,4:1,5:2,6:0"
43,F?Bew,7,8,YES,"0:8,1:4,2:7,3:5,4:2,5:1,6:0"
44,F?Bf?,7,6,NO,-
45,F?BfG,7,7,NO,-
46,F?Bf_,7,7,YES,"0:7,1:4,2:2,3:5,4:6,5:1,6:0"
47,F?Bfg,7,8,YES,"0:8,1:5,2:3,3:6,4:7,5:1,6:0"
48,F?Bfo,7,8,YES,"0:7,1:4,2:2,3:8,4:5,5:1,6:0"
49,F?Bfw,7,9,YES,"0:8,1:7,2:1,3:9,4:6,5:3,6:0"
50,F?BvO,7,8,YES,"0:7,1:4,2:2,3:8,4:6,5:0,6:1"
51,F?BvW,7,9,YES,"0:8,1:6,2:3,3:9,4:5,5:0,6:1"
52,F?Bv_,7,8,YES,"0:8,1:6,2:4,3:2,4:7,5:0,6:1"
53,F?Bvg,7,9,YES,"0:9,1:7,2:5,3:3,4:8,5:0,6:1"
54,F?Bvo,7,9,YES,"0:8,1:6,2:4,3:2,4:9,5:1,6:0"
55,F?Bvw,7,10,YES,"0:9,1:8,2:7,3:6,4:10,5:5,6:0"
56,F?B~o,7,10,YES,"0:10,1:8,2:6,3:4,4:2,5:0,6:1"
57,F?B~w,7,11,YES,"0:11,1:10,2:9,3:8,4:7,5:0,6:6"
58,F?`@?,7,3,NO,-
59,F?`@_,7,4,NO,-
60,F?`CO,7,4,NO,-
61,F?`D?,7,4,NO,-
62,F?`DO,7,5,NO,-
63,F?`D_,7,5,NO,-
64,F?`Do,7,6,NO,-
65,F?`E?,7,4,NO,-
66,F?`EO,7,5,NO,-
67,F?`EW,7,6,NO,-
68,F?`F?,7,5,NO,-
69,F?`FO,7,6,YES,"0:6,1:3,2:5,3:1,4:2,5:4,6:0"
70,F?`FW,7,7,YES,"0:7,1:5,2:4,3:6,4:1,5:2,6:0"
71,F?`F_,7,6,YES,"0:4,1:6,2:5,3:1,4:2,5:3,6:0"
72,F?`Fo,7,7,YES,"0:6,1:3,2:7,3:5,4:2,5:4,6:0"
73,F?`Fw,7,8,YES,"0:7,1:4,2:8,3:6,4:5,5:3,6:0"
74,F?`ag,7,6,NO,-
75,F?`b?,7,5,NO,-
76,F?`bG,7,6,NO,-
77,F?`b_,7,6,NO,-
78,F?`bg,7,7,NO,-
79,F?`cO,7,5,NO,-
80,F?`cW,7,6,YES,"0:5,1:3,2:2,3:4,4:1,5:0,6:6"
81,F?`c_,7,5,NO,-
82,F?`cg,7,6,YES,"0:2,1:5,2:1,3:3,4:4,5:0,6:6"
83,F?`co,7,6,YES,"0:6,1:1,2:3,3:5,4:2,5:4,6:0"
84,F?`cw,7,7,YES,"0:5,1:6,2:1,3:4,4:3,5:7,6:0"
85,F?`e?,7,5,NO,-
86,F?`eG,7,6,YES,"0:3,1:4,2:5,3:1,4:2,5:0,6:6"
87,F?`eO,7,6,YES,"0:1,1:0,2:4,3:3,4:2,5:6,6:5"
88,F?`eW,7,7,YES,"0:4,1:5,2:1,3:6,4:3,5:7,6:0"
89,F?`e_,7,6,YES,"0:3,1:6,2:2,3:4,4:5,5:1,6:0"
90,F?`eg,7,7,YES,"0:7,1:3,2:6,3:5,4:1,5:4,6:0"
91,F?`eo,7,7,YES,"0:7,1:6,2:1,3:3,4:5,5:2,6:0"
92,F?`ew,7,8,YES,"0:8,1:5,2:7,3:6,4:1,5:3,6:0"
93,F?`f?,7,6,YES,"0:6,1:4,2:3,3:5,4:1,5:2,6:0"
94,F?`fG,7,7,YES,"0:3,1:7,2:6,3:5,4:4,5:2,6:0"
95,F?`fO,7,7,YES,"0:7,1:5,2:4,3:6,4:1,5:2,6:0"
96,F?`fW,7,8,YES,"0:7,1:8,2:5,3:1,4:3,5:6,6:0"
97,F?`f_,7,7,YES,"0:6,1:4,2:3,3:7,4:1,5:2,6:0"
98,F?`fg,7,8,YES,"0:7,1:6,2:2,3:8,4:3,5:5,6:0"
99,F?`fo,7,8,YES,"0:7,1:6,2:4,3:8,4:2,5:3,6:0"
100,F?`fw,7,9,YES,"0:7,1:8,2:1,3:9,4:3,5:6,6:0"
101,F?`r_,7,7,NO,-
102,F?`rg,7,8,NO,-
103,F?`uO,7,7,YES,"0:4,1:5,2:7,3:6,4:2,5:0,6:1"
104,F?`uW,7,8,YES,"0:1,1:7,2:8,3:6,4:5,5:0,6:2"
105,F?`v?,7,7,YES,"0:4,1:6,2:5,3:7,4:3,5:0,6:2"
106,F?`vG,7,8,YES,"0:4,1:7,2:5,3:8,4:6,5:0,6:1"
107,F?`vO,7,8,YES,"0:3,1:8,2:5,3:7,4:2,5:1,6:0"
108,F?`vW,7,9,YES,"0:9,1:8,2:3,3:7,4:5,5:1,6:0"
109,F?`v_,7,8,YES,"0:6,1:8,2:5,3:3,4:7,5:1,6:0"
110,F?`vg,7,9,YES,"0:8,1:9,2:6,3:3,4:1,5:4,6:0"
111,F?`vo,7,9,YES,"0:9,1:8,2:7,3:2,4:6,5:3,6:0"
112,F?`vw,7,10,NO,-
113,F?aJ_,7,6,NO,-
114,F?aKW,7,6,NO,-
115,F?aMW,7,7,NO,-
116,F?aNO,7,7,YES,"0:7,1:4,2:3,3:6,4:2,5:1,6:0"
117,F?aNW,7,8,YES,"0:0,1:2,2:3,3:7,4:8,5:1,6:6"
118,F?aN_,7,7,YES,"0:4,1:7,2:6,3:5,4:1,5:2,6:0"
119,F?aNo,7,8,YES,"0:7,1:8,2:6,3:1,4:4,5:2,6:0"
120,F?aNw,7,9,YES,"0:0,1:8,2:7,3:3,4:9,5:4,6:1"
121,F?bAO,7,5,NO,-
122,F?bBO,7,6,YES,"0:4,1:6,2:5,3:1,4:3,5:2,6:0"
123,F?bB_,7,6,YES,"0:4,1:5,2:6,3:2,4:3,5:1,6:0"
124,F?bBo,7,7,YES,"0:4,1:6,2:7,3:5,4:3,5:2,6:0"
125,F?bDG,7,6,YES,"0:0,1:5,2:3,3:4,4:2,5:1,6:6"
126,F?bDg,7,7,YES,"0:7,1:6,2:4,3:3,4:1,5:5,6:0"
127,F?bDo,7,7,YES,"0:6,1:5,2:7,3:4,4:1,5:3,6:0"
128,F?bEG,7,6,NO,-
129,F?bEO,7,6,NO,-
130,F?bEW,7,7,NO,-
131,F?bF?,7,6,YES,"0:0,1:1,2:2,3:5,4:4,5:6,6:3"
132,F?bFG,7,7,YES,"0:4,1:7,2:5,3:6,4:2,5:1,6:0"
133,F?bFO,7,7,YES,"0:2,1:7,2:4,3:6,4:5,5:1,6:0"
134,F?bFW,7,8,YES,"0:5,1:8,2:6,3:7,4:3,5:1,6:0"
135,F?bF_,7,7,YES,"0:3,1:7,2:5,3:4,4:2,5:1,6:0"
136,F?bFg,7,8,YES,"0:2,1:1,2:8,3:7,4:5,5:6,6:0"
137,F?bFo,7,8,YES,"0:1,1:3,2:8,3:7,4:6,5:5,6:0"
138,F?bFw,7,9,YES,"0:5,1:7,2:9,3:8,4:2,5:1,6:0"
139,F?bLW,7,8,YES,"0:8,1:6,2:5,3:7,4:3,5:0,6:1"
140,F?bLo,7,8,YES,"0:7,1:1,2:8,3:5,4:6,5:3,6:0"
141,F?bLw,7,9,YES,"0:9,1:8,2:7,3:4,4:1,5:6,6:0"
142,F?bMW,7,8,NO,-
143,F?bNO,7,8,YES,"0:8,1:6,2:5,3:7,4:1,5:4,6:0"
144,F?bNW,7,9,YES,"0:9,1:6,2:7,3:8,4:1,5:4,6:0"
145,F?bN_,7,8,YES,"0:5,1:7,2:8,3:6,4:2,5:3,6:0"
146,F?bNg,7,9,YES,"0:6,1:7,2:9,3:8,4:5,5:2,6:0"
147,F?bNo,7,9,YES,"0:5,1:7,2:9,3:8,4:2,5:1,6:0"
148,F?bNw,7,10,YES,"0:8,1:4,2:10,3:9,4:6,5:1,6:0"
149,F?bao,7,7,YES,"0:6,1:2,2:7,3:4,4:1,5:0,6:5"
150,F?baw,7,8,YES,"0:7,1:5,2:8,3:6,4:1,5:0,6:4"
151,F?bbO,7,7,YES,"0:6,1:7,2:4,3:5,4:3,5:0,6:2"
152,F?bbW,7,8,YES,"0:8,1:6,2:3,3:7,4:1,5:0,6:5"
153,F?bbo,7,8,YES,"0:5,1:7,2:4,3:8,4:6,5:2,6:0"
154,F?bbw,7,9,YES,"0:1,1:6,2:3,3:9,4:8,5:5,6:0"
155,F?bcw,7,8,YES,"0:2,1:8,2:7,3:1,4:5,5:0,6:6"
156,F?beW,7,8,YES,"0:8,1:4,2:6,3:7,4:1,5:0,6:3"
157,F?beg,7,8,YES,"0:6,1:7,2:8,3:1,4:3,5:0,6:5"
158,F?beo,7,8,YES,"0:8,1:2,2:7,3:4,4:5,5:1,6:0"
159,F?bew,7,9,YES,"0:5,1:9,2:8,3:6,4:3,5:1,6:0"
160,F?bfG,7,8,YES,"0:4,1:8,2:6,3:7,4:2,5:0,6:1"
161,F?bfO,7,8,YES,"0:3,1:8,2:6,3:7,4:4,5:1,6:0"
162,F?bfW,7,9,YES,"0:5,1:9,2:7,3:8,4:3,5:1,6:0"
163,F?bf_,7,8,YES,"0:5,1:7,2:3,3:8,4:6,5:1,6:0"
164,F?bfg,7,9,YES,"0:8,1:7,2:1,3:9,4:2,5:3,6:0"
165,F?bfo,7,9,YES,"0:4,1:8,2:7,3:9,4:3,5:2,6:0"
166,F?bfw,7,10,YES,"0:5,1:9,2:8,3:10,4:4,5:2,6:0"
167,F?bmo,7,9,YES,"0:7,1:8,2:9,3:1,4:6,5:0,6:3"
168,F?bmw,7,10,YES,"0:8,1:9,2:10,3:1,4:7,5:0,6:3"
169,F?bnO,7,9,YES,"0:5,1:9,2:7,3:8,4:2,5:0,6:1"
170,F?bnW,7,10,YES,"0:6,1:10,2:8,3:9,4:4,5:0,6:1"
171,F?bno,7,10,YES,"0:5,1:9,2:8,3:10,4:4,5:2,6:0"
172,F?bnw,7,11,YES,"0:8,1:10,2:9,3:11,4:1,5:6,6:0"
173,F?bro,7,9,NO,-
174,F?brw,7,10,YES,"0:10,1:9,2:8,3:7,4:4,5:0,6:5"
175,F?bvO,7,9,YES,"0:6,1:8,2:7,3:9,4:5,5:0,6:3"
176,F?bvW,7,10,YES,"0:5,1:9,2:8,3:10,4:1,5:0,6:2"
177,F?bv_,7,9,YES,"0:7,1:9,2:5,3:3,4:8,5:0,6:1"
178,F?bvg,7,10,YES,"0:3,1:10,2:8,3:5,4:9,5:0,6:1"
179,F?bvo,7,10,YES,"0:7,1:10,2:9,3:8,4:6,5:5,6:0"
180,F?bvw,7,11,YES,"0:8,1:11,2:10,3:9,4:7,5:6,6:0"
181,F?b~o,7,11,YES,"0:8,1:11,2:10,3:9,4:7,5:0,6:5"
182,F?b~w,7,12,YES,"0:7,1:12,2:11,3:8,4:3,5:0,6:2"
183,F?opo,7,7,YES,"0:7,1:5,2:2,3:3,4:0,5:4,6:6"
184,F?osW,7,7,YES,"0:1,1:7,2:5,3:4,4:0,5:2,6:6"
185,F?otO,7,7,YES,"0:5,1:6,2:3,3:1,4:0,5:4,6:7"
186,F?otW,7,8,YES,"0:4,1:7,2:5,3:1,4:6,5:8,6:0"
187,F?oto,7,8,YES,"0:2,1:7,2:8,3:6,4:3,5:1,6:0"
188,F?ou?,7,6,YES,"0:0,1:1,2:5,3:2,4:6,5:3,6:4"
189,F?ouO,7,7,YES,"0:7,1:6,2:5,3:1,4:0,5:4,6:2"
190,F?ouW,7,8,YES,"0:6,1:5,2:7,3:1,4:2,5:8,6:0"
191,F?ov?,7,7,YES,"0:7,1:5,2:3,3:6,4:1,5:4,6:0"
192,F?ovO,7,8,YES,"0:8,1:5,2:6,3:7,4:1,5:4,6:0"
193,F?ovW,7,9,YES,"0:6,1:5,2:9,3:8,4:2,5:1,6:0"
194,F?ov_,7,8,YES,"0:8,1:7,2:6,3:2,4:3,5:5,6:0"
195,F?ovo,7,9,YES,"0:9,1:8,2:7,3:4,4:3,5:5,6:0"
196,F?ovw,7,10,YES,"0:10,1:9,2:8,3:5,4:6,5:7,6:0"
197,F?o|W,7,9,YES,"0:8,1:9,2:1,3:6,4:0,5:7,6:5"
198,F?o|o,7,9,YES,"0:8,1:9,2:7,3:5,4:0,5:2,6:1"
199,F?o}W,7,9,YES,"0:9,1:7,2:8,3:3,4:0,5:5,6:1"
200,F?o~O,7,9,YES,"0:9,1:7,2:5,3:8,4:0,5:3,6:1"
201,F?o~W,7,10,YES,"0:10,1:8,2:6,3:9,4:1,5:4,6:0"
202,F?o~_,7,9,YES,"0:9,1:5,2:8,3:7,4:3,5:4,6:0"
203,F?o~o,7,10,YES,"0:10,1:9,2:8,3:2,4:6,5:1,6:0"
204,F?o~w,7,11,YES,"0:11,1:10,2:9,3:6,4:3,5:5,6:0"
205,F?q_w,7,7,YES,"0:6,1:7,2:4,3:1,4:0,5:3,6:5"
206,F?q`o,7,7,YES,"0:4,1:7,2:3,3:1,4:0,5:2,6:6"
207,F?qaW,7,7,YES,"0:4,1:1,2:5,3:6,4:0,5:2,6:7"
208,F?qaw,7,8,YES,"0:1,1:2,2:7,3:6,4:5,5:8,6:0"
209,F?qb?,7,6,NO,-
210,F?qbO,7,7,YES,"0:7,1:6,2:1,3:5,4:0,5:2,6:4"
211,F?qbW,7,8,YES,"0:3,1:8,2:6,3:1,4:5,5:7,6:0"
212,F?qb_,7,7,YES,"0:6,1:7,2:3,3:4,4:1,5:5,6:0"
213,F?qbo,7,8,YES,"0:6,1:3,2:7,3:8,4:2,5:1,6:0"
214,F?qbw,7,9,YES,"0:3,1:8,2:6,3:9,4:5,5:7,6:0"
215,F?qcW,7,7,YES,"0:0,1:1,2:4,3:6,4:7,5:5,6:3"
216,F?qcw,7,8,YES,"0:2,1:7,2:1,3:5,4:3,5:8,6:0"
217,F?qdO,7,7,YES,"0:0,1:1,2:5,3:6,4:7,5:4,6:2"
218,F?qdo,7,8,YES,"0:8,1:7,2:2,3:6,4:3,5:1,6:0"
219,F?qeW,7,8,YES,"0:2,1:4,2:1,3:7,4:5,5:8,6:0"
220,F?qeo,7,8,YES,"0:4,1:8,2:7,3:6,4:1,5:2,6:0"
221,F?qew,7,9,YES,"0:5,1:9,2:8,3:7,4:1,5:2,6:0"
222,F?qf?,7,7,YES,"0:0,1:1,2:3,3:6,4:7,5:5,6:4"
223,F?qfO,7,8,YES,"0:5,1:8,2:6,3:7,4:1,5:3,6:0"
224,F?qfW,7,9,YES,"0:6,1:9,2:7,3:8,4:1,5:4,6:0"
225,F?qf_,7,8,YES,"0:6,1:7,2:3,3:8,4:2,5:5,6:0"
226,F?qfo,7,9,YES,"0:7,1:8,2:2,3:9,4:3,5:1,6:0"
227,F?qfw,7,10,YES,"0:2,1:9,2:7,3:10,4:5,5:8,6:0"
228,F?qjW,7,9,NO,-
229,F?qjo,7,9,YES,"0:9,1:7,2:5,3:8,4:0,5:1,6:2"
230,F?qjw,7,10,YES,"0:1,1:10,2:6,3:9,4:8,5:5,6:0"
231,F?qkw,7,9,YES,"0:5,1:9,2:7,3:6,4:0,5:1,6:8"
232,F?qlo,7,9,YES,"0:8,1:9,2:5,3:7,4:0,5:1,6:2"
233,F?qmW,7,9,YES,"0:4,1:2,2:7,3:8,4:0,5:1,6:9"
234,F?qmo,7,9,YES,"0:9,1:6,2:8,3:7,4:0,5:1,6:4"
235,F?qmw,7,10,YES,"0:10,1:5,2:9,3:8,4:1,5:7,6:0"
236,F?qnO,7,9,YES,"0:7,1:9,2:6,3:8,4:0,5:4,6:1"
237,F?qnW,7,10,YES,"0:7,1:10,2:8,3:9,4:1,5:5,6:0"
238,F?qn_,7,9,YES,"0:7,1:8,2:6,3:9,4:3,5:4,6:0"
239,F?qno,7,10,YES,"0:3,1:9,2:8,3:10,4:7,5:2,6:0"
240,F?qnw,7,11,YES,"0:7,1:10,2:9,3:11,4:2,5:6,6:0"
241,F?qpo,7,8,YES,"0:8,1:7,2:1,3:4,4:0,5:5,6:6"
242,F?qrO,7,8,YES,"0:8,1:3,2:6,3:7,4:0,5:1,6:2"
243,F?qr_,7,8,YES,"0:7,1:1,2:8,3:5,4:3,5:0,6:2"
244,F?qrg,7,9,NO,-
245,F?qro,7,9,YES,"0:8,1:9,2:5,3:4,4:1,5:2,6:0"
246,F?qrw,7,10,YES,"0:9,1:10,2:7,3:6,4:1,5:4,6:0"
247,F?qtg,7,9,YES,"0:9,1:8,2:7,3:5,4:6,5:0,6:1"
248,F?qto,7,9,YES,"0:3,1:8,2:9,3:6,4:7,5:1,6:0"
249,F?qtw,7,10,YES,"0:8,1:9,2:10,3:5,4:6,5:1,6:0"
250,F?quW,7,9,YES,"0:7,1:2,2:9,3:8,4:1,5:0,6:5"
251,F?qvG,7,9,YES,"0:8,1:7,2:4,3:9,4:1,5:0,6:5"
252,F?qvO,7,9,YES,"0:6,1:9,2:7,3:8,4:1,5:4,6:0"
253,F?qvW,7,10,YES,"0:7,1:10,2:8,3:9,4:1,5:5,6:0"
254,F?qv_,7,9,YES,"0:5,1:9,2:8,3:6,4:2,5:4,6:0"
255,F?qvg,7,10,YES,"0:9,1:10,2:8,3:7,4:5,5:6,6:0"
256,F?qvo,7,10,YES,"0:9,1:10,2:8,3:7,4:4,5:6,6:0"
257,F?qvw,7,11,YES,"0:4,1:11,2:10,3:8,4:6,5:1,6:0"
258,F?qzw,7,11,YES,"0:11,1:1,2:10,3:9,4:5,5:0,6:8"
259,F?q|w,7,11,YES,"0:5,1:10,2:11,3:9,4:7,5:0,6:1"
260,F?q~W,7,11,YES,"0:10,1:9,2:5,3:11,4:3,5:0,6:1"
261,F?q~_,7,10,YES,"0:7,1:9,2:10,3:2,4:4,5:0,6:1"
262,F?q~g,7,11,YES,"0:7,1:10,2:11,3:4,4:2,5:0,6:1"
263,F?q~o,7,11,YES,"0:4,1:11,2:10,3:9,4:5,5:2,6:0"
264,F?q~w,7,12,YES,"0:6,1:12,2:11,3:10,4:5,5:2,6:0"
265,F?rDo,7,8,YES,"0:1,1:2,2:8,3:7,4:6,5:4,6:0"
266,F?rEO,7,7,NO,-
267,F?rEW,7,8,NO,-
268,F?rF?,7,7,YES,"0:0,1:1,2:4,3:6,4:7,5:5,6:3"
269,F?rFO,7,8,YES,"0:8,1:4,2:5,3:7,4:1,5:2,6:0"
270,F?rFW,7,9,YES,"0:9,1:6,2:3,3:8,4:1,5:2,6:0"
271,F?rF_,7,8,YES,"0:7,1:6,2:8,3:1,4:2,5:4,6:0"
272,F?rFo,7,9,YES,"0:1,1:2,2:9,3:8,4:7,5:5,6:0"
273,F?rFw,7,10,YES,"0:9,1:2,2:10,3:7,4:8,5:5,6:0"
274,F?rLw,7,10,YES,"0:6,1:4,2:10,3:9,4:8,5:1,6:0"
275,F?rMW,7,9,NO,-
276,F?rNO,7,9,YES,"0:9,1:7,2:6,3:8,4:0,5:1,6:4"
277,F?rNW,7,10,YES,"0:10,1:5,2:8,3:9,4:1,5:7,6:0"
278,F?rN_,7,9,YES,"0:7,1:6,2:9,3:8,4:2,5:5,6:0"
279,F?rNo,7,10,YES,"0:10,1:7,2:9,3:5,4:8,5:4,6:0"
280,F?rNw,7,11,YES,"0:8,1:5,2:11,3:10,4:9,5:2,6:0"
281,F?rdo,7,9,YES,"0:8,1:7,2:2,3:9,4:3,5:1,6:0"
282,F?rdw,7,10,YES,"0:9,1:1,2:8,3:10,4:4,5:2,6:0"
283,F?reO,7,8,YES,"0:0,1:1,2:5,3:7,4:8,5:4,6:6"
284,F?re_,7,8,YES,"0:0,1:1,2:7,3:2,4:6,5:8,6:4"
285,F?reg,7,9,YES,"0:8,1:7,2:9,3:1,4:4,5:0,6:2"
286,F?reo,7,9,YES,"0:9,1:4,2:8,3:5,4:1,5:2,6:0"
287,F?rew,7,10,YES,"0:10,1:5,2:9,3:8,4:1,5:3,6:0"
288,F?rf?,7,8,YES,"0:0,1:4,2:1,3:7,4:3,5:8,6:6"
289,F?rfG,7,9,YES,"0:9,1:6,2:3,3:8,4:1,5:0,6:2"
290,F?rfO,7,9,YES,"0:9,1:3,2:7,3:8,4:4,5:1,6:0"
291,F?rfW,7,10,YES,"0:6,1:1,2:5,3:9,4:10,5:8,6:0"
292,F?rf_,7,9,YES,"0:8,1:4,2:7,3:9,4:5,5:2,6:0"
293,F?rfg,7,10,YES,"0:9,1:4,2:8,3:10,4:2,5:3,6:0"
294,F?rfo,7,10,YES,"0:8,1:4,2:9,3:10,4:5,5:2,6:0"
295,F?rfw,7,11,YES,"0:10,1:7,2:9,3:11,4:2,5:6,6:0"
296,F?rmw,7,11,YES,"0:10,1:8,2:11,3:9,4:1,5:0,6:6"
297,F?rnW,7,11,YES,"0:7,1:4,2:11,3:10,4:9,5:0,6:1"
298,F?rn_,7,10,YES,"0:10,1:7,2:8,3:9,4:1,5:0,6:5"
299,F?rng,7,11,YES,"0:11,1:8,2:9,3:10,4:1,5:0,6:6"
300,F?rno,7,11,YES,"0:8,1:7,2:10,3:11,4:9,5:4,6:0"
301,F?rnw,7,12,YES,"0:10,1:6,2:11,3:12,4:7,5:2,6:0"
302,F?rv_,7,10,YES,"0:6,1:3,2:10,3:9,4:1,5:0,6:2"
303,F?rvg,7,11,YES,"0:9,1:3,2:11,3:10,4:1,5:0,6:4"
304,F?rvo,7,11,YES,"0:9,1:1,2:11,3:10,4:4,5:3,6:0"
305,F?rvw,7,12,YES,"0:10,1:5,2:12,3:11,4:4,5:3,6:0"
306,F?r~o,7,12,YES,"0:9,1:8,2:12,3:11,4:10,5:0,6:5"
307,F?r~w,7,13,YES,"0:11,1:6,2:13,3:12,4:1,5:0,6:4"
308,F?zPw,7,10,NO,-
309,F?zTW,7,10,YES,"0:10,1:8,2:7,3:9,4:0,5:6,6:1"
310,F?zTo,7,10,YES,"0:8,1:10,2:9,3:6,4:0,5:5,6:2"
311,F?zTw,7,11,YES,"0:10,1:9,2:11,3:6,4:7,5:1,6:0"
312,F?zUW,7,10,YES,"0:7,1:4,2:10,3:2,4:0,5:1,6:9"
313,F?zUo,7,10,YES,"0:9,1:8,2:10,3:1,4:0,5:4,6:2"
314,F?zVO,7,10,YES,"0:10,1:5,2:6,3:9,4:0,5:1,6:7"
315,F?zVW,7,11,YES,"0:11,1:5,2:7,3:10,4:1,5:2,6:0"
316,F?zV_,7,10,YES,"0:7,1:4,2:10,3:8,4:1,5:9,6:0"
317,F?zVo,7,11,YES,"0:10,1:9,2:11,3:8,4:4,5:7,6:0"
318,F?zVw,7,12,YES,"0:10,1:6,2:12,3:11,4:7,5:2,6:0"
319,F?z\w,7,12,YES,"0:1,1:12,2:11,3:2,4:0,5:10,6:7"
320,F?z^o,7,12,YES,"0:8,1:5,2:12,3:11,4:0,5:2,6:1"
321,F?z^w,7,13,YES,"0:8,1:6,2:13,3:12,4:10,5:1,6:0"
322,F?zcw,7,10,YES,"0:2,1:10,2:8,3:9,4:0,5:1,6:6"
323,F?zeW,7,10,YES,"0:5,1:2,2:10,3:9,4:0,5:1,6:8"
324,F?zew,7,11,YES,"0:10,1:5,2:8,3:11,4:1,5:2,6:0"
325,F?zf?,7,9,NO,-
326,F?zfO,7,10,YES,"0:10,1:7,2:4,3:9,4:0,5:2,6:1"
327,F?zfW,7,11,YES,"0:11,1:8,2:5,3:10,4:1,5:2,6:0"
328,F?zf_,7,10,YES,"0:10,1:8,2:1,3:9,4:3,5:4,6:0"
329,F?zfo,7,11,YES,"0:10,1:7,2:6,3:11,4:9,5:2,6:0"
330,F?zfw,7,12,YES,"0:11,1:10,2:9,3:12,4:4,5:8,6:0"
331,F?zmw,7,12,YES,"0:12,1:6,2:10,3:11,4:0,5:1,6:8"
332,F?znW,7,12,YES,"0:10,1:7,2:4,3:11,4:0,5:12,6:1"
333,F?zno,7,12,YES,"0:12,1:8,2:5,3:11,4:0,5:1,6:2"
334,F?znw,7,13,YES,"0:12,1:8,2:7,3:13,4:2,5:11,6:0"
335,F?zuo,7,11,YES,"0:9,1:5,2:11,3:8,4:0,5:1,6:6"
336,F?zvO,7,11,YES,"0:11,1:7,2:4,3:10,4:0,5:2,6:1"
337,F?zv_,7,11,YES,"0:10,1:9,2:8,3:11,4:3,5:0,6:7"
338,F?zvg,7,12,YES,"0:11,1:10,2:9,3:12,4:8,5:0,6:4"
339,F?zvo,7,12,YES,"0:11,1:8,2:5,3:12,4:7,5:2,6:0"
340,F?zvw,7,13,YES,"0:12,1:11,2:1,3:13,4:5,5:3,6:0"
341,F?z~w,7,14,YES,"0:13,1:12,2:8,3:14,4:2,5:0,6:9"
342,F?~vW,7,13,YES,"0:11,1:10,2:9,3:13,4:0,5:5,6:12"
343,F?~v_,7,12,YES,"0:12,1:11,2:10,3:9,4:0,5:4,6:8"
344,F?~vo,7,13,YES,"0:13,1:12,2:11,3:4,4:0,5:6,6:3"
345,F?~vw,7,14,YES,"0:14,1:13,2:12,3:11,4:5,5:10,6:0"
346,F?~~w,7,15,YES,"0:15,1:14,2:13,3:12,4:0,5:5,6:11"
347,FCOc_,7,5,NO,-
348,FCOe?,7,5,NO,-
349,FCOe_,7,6,NO,-
350,FCOeo,7,7,NO,-
351,FCOf?,7,6,YES,"0:3,1:5,2:6,3:1,4:4,5:2,6:0"
352,FCOf_,7,7,YES,"0:7,1:4,2:5,3:1,4:6,5:2,6:0"
353,FCOfo,7,8,YES,"0:8,1:7,2:5,3:2,4:4,5:6,6:0"
354,FCOfw,7,9,NO,-
355,FCQQO,7,6,NO,-
356,FCQRO,7,7,NO,-
357,FCQSg,7,7,NO,-
358,FCQT_,7,7,NO,-
359,FCQTg,7,8,NO,-
360,FCQUO,7,7,YES,"0:0,1:2,2:1,3:7,4:3,5:5,6:6"
361,FCQU_,7,7,YES,"0:0,1:4,2:6,3:1,4:2,5:5,6:7"
362,FCQUg,7,8,YES,"0:0,1:5,2:6,3:8,4:1,5:7,6:2"
363,FCQUo,7,8,YES,"0:8,1:4,2:7,3:6,4:3,5:1,6:0"
364,FCQUw,7,9,NO,-
365,FCQVO,7,8,YES,"0:6,1:7,2:8,3:2,4:5,5:3,6:0"
366,FCQV_,7,8,YES,"0:5,1:7,2:8,3:4,4:1,5:2,6:0"
367,FCQVg,7,9,YES,"0:0,1:3,2:8,3:9,4:7,5:6,6:1"
368,FCQVo,7,9,YES,"0:7,1:8,2:9,3:1,4:3,5:5,6:0"
369,FCQVw,7,10,YES,"0:0,1:8,2:9,3:10,4:3,5:4,6:1"
370,FCQ`_,7,6,NO,-
371,FCQaO,7,6,NO,-
372,FCQb?,7,6,YES,"0:0,1:2,2:1,3:6,4:3,5:5,6:4"
373,FCQbO,7,7,YES,"0:1,1:7,2:6,3:4,4:5,5:2,6:0"
374,FCQb_,7,7,YES,"0:1,1:4,2:5,3:7,4:6,5:2,6:0"
375,FCQbo,7,8,YES,"0:7,1:4,2:8,3:5,4:3,5:1,6:0"
376,FCQd_,7,7,NO,-
377,FCQdg,7,8,NO,-
378,FCQeG,7,7,YES,"0:0,1:3,2:5,3:6,4:4,5:2,6:7"
379,FCQeO,7,7,YES,"0:0,1:6,2:5,3:4,4:1,5:2,6:7"
380,FCQeW,7,8,YES,"0:6,1:8,2:7,3:3,4:1,5:2,6:0"
381,FCQe_,7,7,YES,"0:0,1:2,2:6,3:1,4:5,5:4,6:7"
382,FCQeo,7,8,YES,"0:7,1:8,2:1,3:6,4:5,5:3,6:0"
383,FCQf?,7,7,YES,"0:0,1:2,2:1,3:7,4:3,5:6,6:4"
384,FCQfG,7,8,YES,"0:6,1:8,2:5,3:7,4:1,5:2,6:0"
385,FCQfO,7,8,YES,"0:7,1:8,2:4,3:1,4:3,5:5,6:0"
386,FCQfW,7,9,YES,"0:2,1:9,2:4,3:8,4:1,5:7,6:0"
387,FCQf_,7,8,YES,"0:5,1:6,2:8,3:2,4:7,5:1,6:0"
388,FCQfg,7,9,YES,"0:9,1:6,2:7,3:1,4:8,5:4,6:0"
389,FCQfo,7,9,YES,"0:7,1:9,2:8,3:6,4:4,5:5,6:0"
390,FCQfw,7,10,YES,"0:7,1:10,2:9,3:6,4:2,5:4,6:0"
391,FCQrO,7,8,YES,"0:8,1:1,2:7,3:6,4:5,5:0,6:2"
392,FCQrW,7,9,NO,-
393,FCQtg,7,9,NO,-
394,FCQuW,7,9,YES,"0:8,1:7,2:9,3:5,4:3,5:0,6:1"
395,FCQug,7,9,YES,"0:8,1:3,2:9,3:1,4:7,5:0,6:6"
396,FCQuo,7,9,YES,"0:9,1:7,2:8,3:1,4:4,5:3,6:0"
397,FCQuw,7,10,YES,"0:10,1:7,2:9,3:4,4:5,5:1,6:0"
398,FCQvO,7,9,YES,"0:6,1:9,2:8,3:7,4:2,5:3,6:0"
399,FCQvW,7,10,YES,"0:7,1:10,2:9,3:2,4:8,5:3,6:0"
400,FCQv_,7,9,YES,"0:6,1:7,2:9,3:4,4:8,5:1,6:0"
401,FCQvg,7,10,YES,"0:8,1:10,2:4,3:2,4:1,5:7,6:0"
402,FCQvo,7,10,YES,"0:6,1:10,2:9,3:5,4:8,5:2,6:0"
403,FCQvw,7,11,YES,"0:9,1:11,2:8,3:5,4:1,5:2,6:0"
404,FCRSw,7,9,YES,"0:7,1:9,2:8,3:4,4:1,5:0,6:6"
405,FCRTo,7,9,YES,"0:8,1:5,2:9,3:3,4:6,5:1,6:0"
406,FCRTw,7,10,YES,"0:7,1:1,2:10,3:4,4:9,5:6,6:0"
407,FCRUO,7,8,YES,"0:0,1:1,2:7,3:6,4:4,5:8,6:5"
408,FCRUW,7,9,YES,"0:6,1:9,2:8,3:7,4:1,5:0,6:4"
409,FCRUg,7,9,YES,"0:7,1:9,2:8,3:6,4:1,5:0,6:4"
410,FCRUo,7,9,YES,"0:9,1:4,2:8,3:7,4:5,5:1,6:0"
411,FCRUw,7,10,YES,"0:10,1:9,2:1,3:2,4:5,5:3,6:0"
412,FCRV?,7,8,YES,"0:0,1:2,2:7,3:1,4:6,5:8,6:5"
413,FCRVO,7,9,YES,"0:8,1:5,2:9,3:7,4:3,5:1,6:0"
414,FCRVW,7,10,YES,"0:2,1:5,2:10,3:1,4:9,5:8,6:0"
415,FCRV_,7,9,YES,"0:8,1:4,2:9,3:6,4:5,5:1,6:0"
416,FCRVg,7,10,YES,"0:9,1:5,2:10,3:8,4:1,5:2,6:0"
417,FCRVo,7,10,YES,"0:8,1:4,2:10,3:2,4:9,5:1,6:0"
418,FCRVw,7,11,YES,"0:9,1:4,2:10,3:1,4:11,5:6,6:0"
419,FCR]o,7,10,NO,-
420,FCR]w,7,11,YES,"0:11,1:9,2:1,3:10,4:5,5:0,6:3"
421,FCR^o,7,11,YES,"0:11,1:8,2:10,3:4,4:3,5:2,6:0"
422,FCR^w,7,12,YES,"0:11,1:9,2:12,3:10,4:5,5:3,6:0"
423,FCR`o,7,8,YES,"0:8,1:7,2:6,3:3,4:5,5:0,6:2"
424,FCR`w,7,9,NO,-
425,FCRbg,7,9,YES,"0:9,1:8,2:4,3:3,4:1,5:0,6:5"
426,FCRcw,7,9,YES,"0:4,1:8,2:9,3:5,4:2,5:0,6:7"
427,FCRdg,7,9,YES,"0:3,1:7,2:5,3:1,4:8,5:0,6:9"
428,FCRdo,7,9,YES,"0:2,1:8,2:9,3:6,4:3,5:1,6:0"
429,FCRdw,7,10,YES,"0:5,1:1,2:10,3:7,4:9,5:4,6:0"
430,FCReg,7,9,YES,"0:1,1:2,2:9,3:5,4:7,5:0,6:8"
431,FCReo,7,9,YES,"0:8,1:5,2:7,3:9,4:3,5:1,6:0"
432,FCRew,7,10,YES,"0:10,1:6,2:9,3:7,4:4,5:1,6:0"
433,FCRfG,7,9,YES,"0:1,1:5,2:6,3:8,4:7,5:0,6:9"
434,FCRf_,7,9,YES,"0:5,1:7,2:9,3:3,4:8,5:1,6:0"
435,FCRfg,7,10,YES,"0:5,1:7,2:10,3:8,4:9,5:1,6:0"
436,FCRfo,7,10,YES,"0:8,1:6,2:10,3:9,4:4,5:3,6:0"
437,FCRfw,7,11,YES,"0:9,1:7,2:11,3:10,4:5,5:3,6:0"
438,FCRto,7,10,YES,"0:8,1:10,2:9,3:1,4:6,5:0,6:3"
439,FCRtw,7,11,YES,"0:9,1:11,2:10,3:3,4:4,5:0,6:8"
440,FCRuo,7,10,YES,"0:9,1:2,2:10,3:4,4:8,5:0,6:1"
441,FCRuw,7,11,YES,"0:10,1:8,2:11,3:9,4:1,5:0,6:6"
442,FCRvO,7,10,YES,"0:7,1:8,2:10,3:9,4:3,5:0,6:4"
443,FCRvW,7,11,YES,"0:5,1:10,2:11,3:9,4:4,5:0,6:3"
444,FCRv_,7,10,YES,"0:8,1:4,2:10,3:2,4:9,5:0,6:1"
445,FCRvg,7,11,YES,"0:11,1:3,2:9,3:5,4:10,5:0,6:1"
446,FCRvo,7,11,YES,"0:9,1:8,2:11,3:3,4:10,5:4,6:0"
447,FCRvw,7,12,YES,"0:10,1:9,2:12,3:3,4:11,5:4,6:0"
448,FCR~o,7,12,YES,"0:11,1:10,2:12,3:3,4:9,5:0,6:5"
449,FCR~w,7,13,YES,"0:12,1:11,2:13,3:3,4:1,5:0,6:5"
450,FCXbO,7,8,NO,-
451,FCXbW,7,9,NO,-
452,FCXe_,7,8,YES,"0:7,1:0,2:1,3:5,4:8,5:6,6:4"
453,FCXeo,7,9,YES,"0:9,1:7,2:8,3:1,4:2,5:4,6:0"
454,FCXf?,7,8,YES,"0:3,1:0,2:1,3:7,4:8,5:2,6:6"
455,FCXfO,7,9,YES,"0:6,1:9,2:5,3:8,4:1,5:2,6:0"
456,FCXfW,7,10,YES,"0:10,1:9,2:1,3:2,4:7,5:4,6:0"
457,FCXf_,7,9,YES,"0:9,1:8,2:5,3:3,4:1,5:6,6:0"
458,FCXfo,7,10,YES,"0:10,1:8,2:7,3:9,4:2,5:4,6:0"
459,FCXfw,7,11,YES,"0:11,1:9,2:8,3:1,4:2,5:5,6:0"
460,FCXjW,7,10,NO,-
461,FCXkw,7,10,NO,-
462,FCXmW,7,10,YES,"0:1,1:6,2:5,3:9,4:0,5:7,6:10"
463,FCXmo,7,10,YES,"0:9,1:8,2:10,3:3,4:0,5:1,6:5"
464,FCXmw,7,11,YES,"0:11,1:10,2:8,3:3,4:1,5:6,6:0"
465,FCXnO,7,10,YES,"0:2,1:10,2:5,3:9,4:0,5:1,6:8"
466,FCXnW,7,11,YES,"0:7,1:9,2:5,3:10,4:11,5:1,6:0"
467,FCXn_,7,10,YES,"0:10,1:8,2:7,3:9,4:2,5:4,6:0"
468,FCXno,7,11,YES,"0:11,1:2,2:1,3:4,4:10,5:7,6:0"
469,FCXnw,7,12,YES,"0:12,1:11,2:9,3:10,4:3,5:4,6:0"
470,FCY[w,7,10,YES,"0:1,1:10,2:9,3:7,4:0,5:8,6:3"
471,FCY]g,7,10,YES,"0:10,1:2,2:9,3:1,4:5,5:0,6:8"
472,FCY]o,7,10,YES,"0:3,1:7,2:10,3:5,4:0,5:9,6:8"
473,FCY]w,7,11,YES,"0:11,1:9,2:10,3:1,4:2,5:5,6:0"
474,FCY^G,7,10,YES,"0:3,1:9,2:1,3:8,4:10,5:0,6:7"
475,FCY^O,7,10,YES,"0:5,1:10,2:9,3:1,4:0,5:6,6:2"
476,FCY^W,7,11,YES,"0:2,1:11,2:10,3:1,4:6,5:9,6:0"
477,FCY^_,7,10,YES,"0:9,1:10,2:8,3:6,4:3,5:7,6:0"
478,FCY^g,7,11,YES,"0:7,1:11,2:9,3:4,4:1,5:6,6:0"
479,FCY^o,7,11,YES,"0:9,1:11,2:10,3:1,4:4,5:6,6:0"
480,FCY^w,7,12,YES,"0:11,1:12,2:4,3:9,4:7,5:1,6:0"
481,FCZHw,7,10,NO,-
482,FCZIw,7,10,YES,"0:1,1:5,2:10,3:7,4:0,5:8,6:9"
483,FCZJg,7,10,YES,"0:10,1:8,2:9,3:1,4:5,5:0,6:2"
484,FCZJo,7,10,YES,"0:9,1:8,2:10,3:7,4:0,5:5,6:1"
485,FCZJw,7,11,YES,"0:10,1:4,2:6,3:2,4:11,5:1,6:0"
486,FCZKw,7,10,YES,"0:5,1:9,2:10,3:2,4:0,5:1,6:7"
487,FCZLW,7,10,YES,"0:4,1:10,2:6,3:9,4:0,5:1,6:8"
488,FCZLg,7,10,YES,"0:4,1:10,2:1,3:2,4:9,5:0,6:7"
489,FCZLo,7,10,YES,"0:3,1:10,2:9,3:8,4:0,5:6,6:1"
490,FCZLw,7,11,YES,"0:10,1:9,2:11,3:1,4:5,5:2,6:0"
491,FCZMW,7,10,YES,"0:6,1:8,2:10,3:1,4:0,5:9,6:2"
492,FCZMg,7,10,YES,"0:8,1:10,2:9,3:3,4:6,5:0,6:1"
493,FCZMo,7,10,YES,"0:8,1:5,2:10,3:1,4:0,5:2,6:9"
494,FCZMw,7,11,YES,"0:1,1:7,2:10,3:11,4:4,5:9,6:0"
495,FCZNG,7,10,YES,"0:4,1:8,2:1,3:9,4:10,5:0,6:7"
496,FCZNW,7,11,YES,"0:6,1:8,2:9,3:10,4:11,5:1,6:0"
497,FCZN_,7,10,YES,"0:7,1:4,2:10,3:6,4:1,5:9,6:0"
498,FCZNg,7,11,YES,"0:7,1:4,2:11,3:10,4:3,5:9,6:0"
499,FCZNo,7,11,YES,"0:7,1:8,2:11,3:10,4:2,5:3,6:0"
500,FCZNw,7,12,YES,"0:1,1:3,2:12,3:11,4:7,5:9,6:0"
501,FCZSo,7,9,YES,"0:0,1:4,2:8,3:5,4:1,5:6,6:9"
502,FCZTO,7,9,YES,"0:0,1:8,2:7,3:4,4:1,5:3,6:9"
503,FCZTg,7,10,YES,"0:7,1:10,2:9,3:6,4:1,5:0,6:4"
504,FCZTo,7,10,YES,"0:10,1:1,2:8,3:9,4:5,5:3,6:0"
505,FCZTw,7,11,YES,"0:11,1:10,2:9,3:1,4:4,5:8,6:0"
506,FCZUO,7,9,YES,"0:0,1:1,2:8,3:7,4:2,5:9,6:5"
507,FCZUg,7,10,YES,"0:6,1:10,2:9,3:4,4:2,5:0,6:1"
508,FCZUo,7,10,YES,"0:10,1:8,2:9,3:1,4:2,5:5,6:0"
509,FCZUw,7,11,YES,"0:11,1:9,2:10,3:5,4:7,5:1,6:0"
510,FCZV?,7,9,YES,"0:0,1:1,2:8,3:2,4:7,5:9,6:5"
511,FCZVO,7,10,YES,"0:6,1:9,2:10,3:2,4:7,5:1,6:0"
512,FCZVW,7,11,YES,"0:4,1:10,2:11,3:9,4:2,5:3,6:0"
513,FCZV_,7,10,YES,"0:6,1:8,2:10,3:4,4:1,5:3,6:0"
514,FCZVg,7,11,YES,"0:9,1:5,2:11,3:8,4:1,5:2,6:0"
515,FCZVo,7,11,YES,"0:11,1:7,2:10,3:6,4:9,5:3,6:0"
516,FCZVw,7,12,YES,"0:11,1:4,2:12,3:2,4:7,5:10,6:0"
517,FCZ\w,7,12,YES,"0:12,1:11,2:9,3:3,4:1,5:0,6:7"
518,FCZ]w,7,12,YES,"0:12,1:2,2:1,3:4,4:11,5:0,6:5"
519,FCZ^_,7,11,YES,"0:6,1:11,2:10,3:2,4:3,5:0,6:1"
520,FCZ^g,7,12,YES,"0:12,1:10,2:11,3:1,4:2,5:0,6:7"
521,FCZ^o,7,12,YES,"0:11,1:5,2:12,3:10,4:9,5:3,6:0"
522,FCZ^w,7,13,YES,"0:12,1:9,2:13,3:7,4:3,5:11,6:0"
523,FCZbO,7,9,YES,"0:3,1:0,2:1,3:8,4:9,5:4,6:7"
524,FCZb_,7,9,YES,"0:8,1:0,2:6,3:1,4:5,5:2,6:9"
525,FCZbg,7,10,YES,"0:10,1:6,2:3,3:1,4:2,5:0,6:8"
526,FCZbo,7,10,YES,"0:1,1:10,2:5,3:9,4:6,5:8,6:0"
527,FCZbw,7,11,YES,"0:10,1:11,2:6,3:7,4:1,5:2,6:0"
528,FCZco,7,9,YES,"0:0,1:1,2:6,3:9,4:7,5:8,6:4"
529,FCZeO,7,9,YES,"0:0,1:1,2:2,3:9,4:4,5:8,6:5"
530,FCZeg,7,10,YES,"0:8,1:5,2:10,3:9,4:1,5:0,6:2"
531,FCZeo,7,10,YES,"0:2,1:10,2:9,3:7,4:6,5:1,6:0"
532,FCZew,7,11,YES,"0:1,1:9,2:10,3:11,4:2,5:6,6:0"
533,FCZf?,7,9,YES,"0:0,1:2,2:5,3:9,4:6,5:8,6:7"
534,FCZfG,7,10,YES,"0:1,1:6,2:3,3:9,4:8,5:0,6:10"
535,FCZfO,7,10,YES,"0:4,1:10,2:7,3:9,4:8,5:1,6:0"
536,FCZfW,7,11,YES,"0:1,1:8,2:7,3:10,4:2,5:11,6:0"
537,FCZf_,7,10,YES,"0:3,1:9,2:6,3:10,4:1,5:7,6:0"
538,FCZfg,7,11,YES,"0:1,1:7,2:4,3:11,4:10,5:9,6:0"
539,FCZfo,7,11,YES,"0:3,1:6,2:1,3:11,4:10,5:8,6:0"
540,FCZfw,7,12,YES,"0:1,1:10,2:9,3:12,4:2,5:4,6:0"
541,FCZjw,7,12,YES,"0:12,1:10,2:7,3:1,4:4,5:0,6:9"
542,FCZmw,7,12,YES,"0:11,1:6,2:12,3:1,4:5,5:0,6:9"
543,FCZnW,7,12,YES,"0:8,1:10,2:7,3:11,4:1,5:0,6:12"
544,FCZn_,7,11,YES,"0:11,1:8,2:5,3:10,4:2,5:0,6:1"
545,FCZng,7,12,YES,"0:12,1:10,2:3,3:1,4:9,5:0,6:8"
546,FCZno,7,12,YES,"0:11,1:7,2:4,3:12,4:10,5:2,6:0"
547,FCZnw,7,13,YES,"0:12,1:8,2:7,3:13,4:11,5:2,6:0"
548,FCZv_,7,11,YES,"0:11,1:9,2:3,3:5,4:10,5:0,6:1"
549,FCZvg,7,12,YES,"0:12,1:8,2:5,3:10,4:11,5:0,6:1"
550,FCZvo,7,12,YES,"0:12,1:11,2:10,3:8,4:9,5:5,6:0"
551,FCZvw,7,13,YES,"0:13,1:12,2:9,3:3,4:1,5:7,6:0"
552,FCZ~o,7,13,YES,"0:13,1:12,2:10,3:11,4:9,5:0,6:5"
553,FCZ~w,7,14,YES,"0:14,1:13,2:8,3:12,4:7,5:0,6:3"
554,FCdb?,7,7,YES,"0:6,1:0,2:1,3:3,4:4,5:7,6:5"
555,FCdbG,7,8,YES,"0:1,1:8,2:7,3:5,4:4,5:0,6:2"
556,FCdcg,7,8,YES,"0:0,1:7,2:2,3:1,4:6,5:4,6:8"
557,FCdco,7,8,NO,-
558,FCdcw,7,9,YES,"0:0,1:7,2:6,3:9,4:2,5:3,6:8"
559,FCdeG,7,8,YES,"0:0,1:6,2:7,3:4,4:3,5:1,6:8"
560,FCde_,7,8,YES,"0:0,1:2,2:7,3:1,4:5,5:4,6:8"
561,FCdeg,7,9,YES,"0:9,1:7,2:8,3:4,4:1,5:6,6:0"
562,FCdeo,7,9,YES,"0:0,1:1,2:7,3:9,4:3,5:5,6:8"
563,FCdew,7,10,NO,-
564,FCdfG,7,9,YES,"0:5,1:9,2:8,3:1,4:4,5:2,6:0"
565,FCdf_,7,9,YES,"0:7,1:9,2:8,3:4,4:5,5:3,6:0"
566,FCdfg,7,10,YES,"0:8,1:10,2:9,3:1,4:3,5:6,6:0"
567,FCdfo,7,10,YES,"0:0,1:8,2:7,3:10,4:9,5:4,6:2"
568,FCdfw,7,11,YES,"0:0,1:10,2:7,3:11,4:8,5:5,6:1"
569,FCe[w,7,10,NO,-
570,FCe]w,7,11,YES,"0:11,1:6,2:10,3:1,4:9,5:4,6:0"
571,FCe^o,7,11,YES,"0:10,1:11,2:8,3:6,4:1,5:3,6:0"
572,FCe^w,7,12,YES,"0:11,1:12,2:10,3:9,4:3,5:4,6:0"
573,FCf\w,7,12,YES,"0:9,1:12,2:1,3:3,4:4,5:0,6:11"
574,FCf]w,7,12,YES,"0:10,1:8,2:11,3:1,4:7,5:0,6:12"
575,FCf^o,7,12,YES,"0:10,1:11,2:12,3:9,4:2,5:5,6:0"
576,FCf^w,7,13,YES,"0:11,1:12,2:13,3:8,4:7,5:2,6:0"
577,FCfuw,7,12,YES,"0:10,1:11,2:12,3:9,4:5,5:0,6:3"
578,FCfvW,7,12,YES,"0:7,1:12,2:11,3:6,4:10,5:0,6:2"
579,FCfvg,7,12,YES,"0:8,1:12,2:11,3:7,4:4,5:0,6:2"
580,FCfvo,7,12,YES,"0:7,1:12,2:10,3:5,4:8,5:1,6:0"
581,FCfvw,7,13,YES,"0:9,1:13,2:12,3:8,4:5,5:2,6:0"
582,FCf~o,7,13,YES,"0:9,1:13,2:11,3:2,4:6,5:0,6:1"
583,FCf~w,7,14,NO,-
584,FCpUO,7,8,YES,"0:0,1:1,2:7,3:6,4:8,5:5,6:3"
585,FCpU_,7,8,YES,"0:0,1:1,2:7,3:6,4:8,5:4,6:5"
586,FCpUo,7,9,YES,"0:7,1:9,2:8,3:2,4:3,5:1,6:0"
587,FCpUw,7,10,YES,"0:10,1:7,2:9,3:8,4:1,5:3,6:0"
588,FCpV?,7,8,YES,"0:0,1:5,2:7,3:8,4:6,5:1,6:2"
589,FCpVO,7,9,YES,"0:8,1:7,2:9,3:2,4:5,5:3,6:0"
590,FCpV_,7,9,YES,"0:5,1:7,2:9,3:8,4:1,5:6,6:0"
591,FCpVo,7,10,YES,"0:7,1:9,2:10,3:2,4:3,5:1,6:0"
592,FCpVw,7,11,YES,"0:10,1:9,2:11,3:6,4:7,5:1,6:0"
593,FCp`_,7,7,YES,"0:0,1:1,2:2,3:3,4:7,5:6,6:4"
594,FCpbO,7,8,YES,"0:1,1:0,2:5,3:7,4:8,5:4,6:3"
595,FCpb_,7,8,YES,"0:7,1:0,2:6,3:1,4:3,5:5,6:8"
596,FCpbo,7,9,YES,"0:8,1:9,2:5,3:7,4:6,5:1,6:0"
597,FCpdG,7,8,YES,"0:0,1:1,2:5,3:8,4:7,5:6,6:2"
598,FCpdO,7,8,YES,"0:0,1:1,2:5,3:8,4:7,5:6,6:3"
599,FCpd_,7,8,YES,"0:0,1:7,2:1,3:5,4:6,5:3,6:8"
600,FCpdg,7,9,YES,"0:6,1:8,2:9,3:4,4:3,5:1,6:0"
601,FCpdo,7,9,YES,"0:4,1:8,2:9,3:6,4:5,5:1,6:0"
602,FCpeG,7,8,YES,"0:0,1:1,2:7,3:6,4:8,5:2,6:4"
603,FCpeO,7,8,YES,"0:0,1:4,2:7,3:6,4:8,5:2,6:1"
604,FCpeW,7,9,YES,"0:2,1:9,2:8,3:7,4:6,5:1,6:0"
605,FCpe_,7,8,YES,"0:0,1:1,2:7,3:6,4:8,5:2,6:4"
606,FCpeg,7,9,YES,"0:9,1:5,2:8,3:6,4:1,5:7,6:0"
607,FCpeo,7,9,YES,"0:3,1:1,2:8,3:7,4:9,5:6,6:0"
608,FCpf?,7,8,YES,"0:0,1:4,2:1,3:8,4:7,5:5,6:6"
609,FCpfG,7,9,YES,"0:3,1:9,2:7,3:8,4:5,5:1,6:0"
610,FCpfO,7,9,YES,"0:3,1:1,2:7,3:8,4:9,5:5,6:0"
611,FCpfW,7,10,YES,"0:2,1:5,2:10,3:9,4:8,5:1,6:0"
612,FCpf_,7,9,YES,"0:1,1:2,2:9,3:8,4:7,5:5,6:0"
613,FCpfg,7,10,YES,"0:5,1:7,2:10,3:8,4:9,5:1,6:0"
614,FCpfo,7,10,YES,"0:1,1:7,2:10,3:9,4:5,5:4,6:0"
615,FCpfw,7,11,YES,"0:4,1:2,2:11,3:10,4:9,5:3,6:0"
616,FCprg,7,10,YES,"0:9,1:10,2:8,3:3,4:5,5:0,6:1"
617,FCptO,7,9,YES,"0:0,1:8,2:1,3:5,4:2,5:4,6:9"
618,FCpug,7,10,YES,"0:8,1:9,2:10,3:6,4:1,5:0,6:5"
619,FCpuo,7,10,YES,"0:4,1:10,2:9,3:6,4:3,5:1,6:0"
620,FCpuw,7,11,YES,"0:10,1:8,2:9,3:6,4:1,5:11,6:0"
621,FCpv?,7,9,YES,"0:0,1:4,2:7,3:9,4:8,5:2,6:1"
622,FCpvO,7,10,YES,"0:3,1:2,2:10,3:9,4:7,5:1,6:0"
623,FCpvW,7,11,YES,"0:8,1:7,2:11,3:10,4:3,5:1,6:0"
624,FCpv_,7,10,YES,"0:1,1:2,2:10,3:9,4:8,5:5,6:0"
625,FCpvg,7,11,YES,"0:7,1:6,2:11,3:9,4:10,5:1,6:0"
626,FCpvo,7,11,YES,"0:9,1:10,2:11,3:1,4:4,5:8,6:0"
627,FCpvw,7,12,YES,"0:11,1:9,2:12,3:6,4:8,5:2,6:0"
628,FCqnW,7,11,YES,"0:6,1:11,2:7,3:10,4:1,5:9,6:0"
629,FCqn_,7,10,YES,"0:0,1:9,2:1,3:8,4:4,5:7,6:10"
630,FCqno,7,11,YES,"0:6,1:11,2:10,3:5,4:9,5:2,6:0"
631,FCqnw,7,12,YES,"0:3,1:12,2:11,3:9,4:8,5:10,6:0"
632,FCrHw,7,10,YES,"0:8,1:10,2:9,3:2,4:0,5:1,6:4"
633,FCrIw,7,10,YES,"0:10,1:5,2:9,3:1,4:0,5:6,6:8"
634,FCrJo,7,10,YES,"0:5,1:10,2:9,3:8,4:0,5:1,6:2"
635,FCrJw,7,11,YES,"0:2,1:3,2:11,3:10,4:9,5:4,6:0"
636,FCrKw,7,10,NO,-
637,FCrLW,7,10,YES,"0:0,1:1,2:9,3:8,4:10,5:6,6:7"
638,FCrLw,7,11,YES,"0:6,1:1,2:10,3:11,4:9,5:2,6:0"
639,FCrMW,7,10,YES,"0:0,1:3,2:9,3:8,4:10,5:6,6:1"
640,FCrMw,7,11,YES,"0:1,1:4,2:10,3:11,4:9,5:7,6:0"
641,FCrNW,7,11,YES,"0:6,1:8,2:11,3:9,4:10,5:1,6:0"
642,FCrNo,7,11,YES,"0:7,1:8,2:11,3:10,4:9,5:3,6:0"
643,FCrNw,7,12,YES,"0:8,1:10,2:12,3:11,4:1,5:6,6:0"
644,FCrQo,7,9,YES,"0:0,1:8,2:7,3:5,4:9,5:2,6:1"
645,FCrRo,7,10,YES,"0:1,1:2,2:10,3:9,4:5,5:8,6:0"
646,FCrUW,7,10,YES,"0:0,1:5,2:9,3:6,4:10,5:8,6:1"
647,FCrUo,7,10,YES,"0:0,1:2,2:9,3:1,4:4,5:10,6:7"
648,FCrUw,7,11,YES,"0:6,1:11,2:10,3:9,4:4,5:1,6:0"
649,FCrVG,7,10,YES,"0:0,1:2,2:1,3:10,4:3,5:4,6:9"
650,FCrVW,7,11,YES,"0:6,1:10,2:11,3:9,4:1,5:2,6:0"
651,FCrVg,7,11,YES,"0:1,1:7,2:11,3:6,4:9,5:10,6:0"
652,FCrVo,7,11,YES,"0:9,1:10,2:11,3:8,4:7,5:4,6:0"
653,FCrVw,7,12,YES,"0:1,1:11,2:12,3:10,4:5,5:3,6:0"
654,FCr]w,7,12,YES,"0:11,1:12,2:1,3:10,4:9,5:0,6:4"
655,FCr^o,7,12,YES,"0:10,1:11,2:12,3:9,4:3,5:5,6:0"
656,FCr^w,7,13,YES,"0:11,1:12,2:13,3:10,4:9,5:4,6:0"
657,FCrbo,7,10,YES,"0:3,1:5,2:10,3:9,4:7,5:2,6:0"
658,FCrdo,7,10,YES,"0:0,1:9,2:1,3:2,4:5,5:10,6:8"
659,FCreW,7,10,YES,"0:0,1:1,2:9,3:8,4:5,5:10,6:7"
660,FCreo,7,10,YES,"0:0,1:1,2:9,3:8,4:7,5:10,6:5"
661,FCrfO,7,10,YES,"0:0,1:6,2:1,3:10,4:2,5:9,6:7"
662,FCrfW,7,11,YES,"0:4,1:11,2:8,3:10,4:9,5:1,6:0"
663,FCrf_,7,10,YES,"0:0,1:1,2:9,3:8,4:10,5:4,6:7"
664,FCrfg,7,11,YES,"0:1,1:2,2:11,3:10,4:9,5:5,6:0"
665,FCrfo,7,11,YES,"0:7,1:6,2:11,3:10,4:8,5:2,6:0"
666,FCrfw,7,12,YES,"0:2,1:4,2:12,3:11,4:10,5:5,6:0"
667,FCrjw,7,12,YES,"0:2,1:5,2:12,3:11,4:8,5:0,6:1"
668,FCrlw,7,12,YES,"0:9,1:12,2:11,3:1,4:10,5:0,6:4"
669,FCrmw,7,12,YES,"0:9,1:10,2:12,3:1,4:11,5:0,6:4"
670,FCrnW,7,12,YES,"0:5,1:10,2:12,3:11,4:8,5:0,6:1"
671,FCrng,7,12,YES,"0:5,1:9,2:12,3:11,4:2,5:0,6:1"
672,FCrno,7,12,YES,"0:8,1:10,2:12,3:11,4:1,5:6,6:0"
673,FCrnw,7,13,YES,"0:2,1:8,2:13,3:12,4:11,5:7,6:0"
674,FCrro,7,11,YES,"0:10,1:9,2:11,3:7,4:8,5:0,6:3"
675,FCrrw,7,12,YES,"0:11,1:7,2:12,3:10,4:2,5:0,6:4"
676,FCruw,7,12,YES,"0:6,1:10,2:12,3:11,4:9,5:0,6:2"
677,FCrvg,7,12,YES,"0:3,1:5,2:12,3:10,4:11,5:0,6:1"
678,FCrvo,7,12,YES,"0:1,1:11,2:12,3:10,4:3,5:5,6:0"
679,FCrvw,7,13,YES,"0:1,1:12,2:13,3:11,4:3,5:5,6:0"
680,FCr~o,7,13,YES,"0:11,1:12,2:13,3:10,4:9,5:0,6:5"
681,FCr~w,7,14,YES,"0:1,1:13,2:14,3:12,4:10,5:0,6:8"
682,FCurW,7,11,YES,"0:10,1:11,2:8,3:2,4:0,5:1,6:5"
683,FCusw,7,11,YES,"0:0,1:10,2:8,3:11,4:6,5:1,6:9"
684,FCuto,7,11,YES,"0:0,1:10,2:1,3:9,4:6,5:8,6:11"
685,FCuuW,7,11,YES,"0:0,1:1,2:10,3:4,4:11,5:9,6:3"
686,FCuuw,7,12,YES,"0:12,1:11,2:10,3:8,4:2,5:7,6:0"
687,FCuvW,7,12,YES,"0:9,1:12,2:11,3:10,4:2,5:6,6:0"
688,FCuvo,7,12,YES,"0:11,1:12,2:9,3:10,4:8,5:4,6:0"
689,FCuvw,7,13,NO,-
690,FCu~w,7,14,YES,"0:12,1:14,2:13,3:1,4:8,5:3,6:0"
691,FCvRW,7,11,YES,"0:10,1:6,2:9,3:3,4:0,5:2,6:11"
692,FCvSw,7,11,YES,"0:0,1:9,2:10,3:11,4:1,5:2,6:5"
693,FCvTw,7,12,YES,"0:11,1:1,2:12,3:3,4:10,5:5,6:0"
694,FCvUW,7,11,YES,"0:0,1:1,2:10,3:9,4:11,5:8,6:5"
695,FCvUo,7,11,YES,"0:0,1:1,2:10,3:7,4:9,5:11,6:6"
696,FCvUw,7,12,YES,"0:9,1:12,2:11,3:6,4:1,5:2,6:0"
697,FCvVW,7,12,YES,"0:6,1:11,2:12,3:1,4:10,5:8,6:0"
698,FCvVo,7,12,YES,"0:9,1:11,2:12,3:6,4:7,5:1,6:0"
699,FCvVw,7,13,YES,"0:11,1:12,2:13,3:5,4:2,5:4,6:0"
700,FCv\w,7,13,YES,"0:13,1:11,2:12,3:6,4:0,5:1,6:4"
701,FCv]w,7,13,YES,"0:9,1:11,2:12,3:6,4:0,5:13,6:1"
702,FCv^o,7,13,YES,"0:9,1:13,2:12,3:6,4:0,5:1,6:2"
703,FCv^w,7,14,YES,"0:13,1:12,2:14,3:8,4:2,5:9,6:0"
704,FCv`w,7,11,YES,"0:6,1:11,2:9,3:10,4:0,5:4,6:1"
705,FCvaw,7,11,YES,"0:11,1:5,2:10,3:8,4:0,5:1,6:7"
706,FCvbW,7,11,YES,"0:6,1:8,2:10,3:4,4:0,5:1,6:11"
707,FCvbg,7,11,YES,"0:10,1:5,2:11,3:1,4:2,5:0,6:7"
708,FCvbo,7,11,YES,"0:6,1:11,2:10,3:8,4:0,5:1,6:7"
709,FCvbw,7,12,YES,"0:11,1:9,2:12,3:4,4:6,5:1,6:0"
710,FCvcw,7,11,YES,"0:0,1:9,2:10,3:4,4:6,5:1,6:11"
711,FCvdW,7,11,YES,"0:0,1:10,2:9,3:8,4:1,5:6,6:11"
712,FCvdg,7,11,YES,"0:0,1:10,2:1,3:5,4:9,5:8,6:11"
713,FCvdo,7,11,YES,"0:0,1:10,2:1,3:9,4:2,5:11,6:6"
714,FCvdw,7,12,YES,"0:9,1:11,2:12,3:6,4:4,5:1,6:0"
715,FCveg,7,11,YES,"0:0,1:1,2:10,3:4,4:11,5:9,6:6"
716,FCveo,7,11,YES,"0:0,1:1,2:10,3:9,4:11,5:6,6:8"
717,FCvew,7,12,YES,"0:7,1:12,2:11,3:9,4:4,5:1,6:0"
718,FCvfG,7,11,YES,"0:0,1:10,2:1,3:9,4:4,5:11,6:8"
719,FCvfO,7,11,YES,"0:0,1:1,2:10,3:7,4:9,5:11,6:4"
720,FCvfW,7,12,YES,"0:5,1:10,2:12,3:11,4:3,5:1,6:0"
721,FCvfg,7,12,YES,"0:10,1:11,2:12,3:9,4:4,5:8,6:0"
722,FCvfo,7,12,YES,"0:1,1:11,2:12,3:10,4:8,5:7,6:0"
723,FCvfw,7,13,YES,"0:8,1:12,2:13,3:7,4:3,5:2,6:0"
724,FCvtw,7,13,YES,"0:10,1:13,2:12,3:7,4:5,5:0,6:1"
725,FCvvg,7,13,YES,"0:10,1:12,2:13,3:7,4:1,5:0,6:8"
726,FCvvo,7,13,YES,"0:12,1:11,2:13,3:2,4:3,5:6,6:0"
727,FCvvw,7,14,YES,"0:12,1:13,2:14,3:1,4:10,5:8,6:0"
728,FCv~w,7,15,YES,"0:13,1:14,2:15,3:1,4:6,5:0,6:4"
729,FCxrW,7,11,YES,"0:11,1:8,2:4,3:1,4:0,5:10,6:3"
730,FCxsw,7,11,YES,"0:7,1:11,2:10,3:1,4:0,5:2,6:5"
731,FCxuW,7,11,YES,"0:4,1:10,2:11,3:1,4:0,5:3,6:9"
732,FCxuw,7,12,YES,"0:3,1:5,2:1,3:2,4:9,5:12,6:0"
733,FCxv?,7,10,YES,"0:0,1:7,2:4,3:9,4:10,5:2,6:8"
734,FCxvO,7,11,YES,"0:9,1:11,2:5,3:8,4:0,5:1,6:3"
735,FCxvW,7,12,YES,"0:1,1:8,2:5,3:11,4:12,5:2,6:0"
736,FCxv_,7,11,YES,"0:11,1:10,2:8,3:2,4:4,5:7,6:0"
737,FCxvo,7,12,YES,"0:12,1:11,2:9,3:2,4:4,5:8,6:0"
738,FCxvw,7,13,YES,"0:13,1:11,2:8,3:3,4:6,5:12,6:0"
739,FCx}w,7,13,YES,"0:12,1:10,2:13,3:1,4:0,5:9,6:7"
740,FCx~w,7,14,YES,"0:14,1:13,2:11,3:2,4:4,5:5,6:0"
741,FCz\w,7,13,YES,"0:11,1:13,2:12,3:3,4:0,5:6,6:2"
742,FCz]w,7,13,YES,"0:10,1:5,2:13,3:4,4:0,5:12,6:1"
743,FCz^g,7,13,YES,"0:1,1:11,2:12,3:13,4:5,5:0,6:3"
744,FCz^o,7,13,YES,"0:8,1:12,2:13,3:11,4:0,5:7,6:2"
745,FCz^w,7,14,YES,"0:1,1:13,2:14,3:12,4:6,5:10,6:0"
746,FCzaw,7,11,YES,"0:10,1:6,2:11,3:1,4:0,5:3,6:5"
747,FCzbW,7,11,YES,"0:11,1:7,2:4,3:10,4:0,5:1,6:9"
748,FCzbo,7,11,YES,"0:4,1:3,2:1,3:9,4:0,5:10,6:11"
749,FCzbw,7,12,YES,"0:1,1:10,2:5,3:12,4:9,5:7,6:0"
750,FCzcw,7,11,YES,"0:0,1:10,2:9,3:6,4:1,5:7,6:11"
751,FCzeW,7,11,YES,"0:0,1:5,2:1,3:11,4:10,5:8,6:6"
752,FCzew,7,12,YES,"0:6,1:12,2:11,3:9,4:1,5:4,6:0"
753,FCzfO,7,11,YES,"0:0,1:1,2:2,3:11,4:7,5:10,6:3"
754,FCzfW,7,12,YES,"0:3,1:2,2:1,3:11,4:12,5:7,6:0"
755,FCzf_,7,11,YES,"0:0,1:1,2:2,3:11,4:10,5:3,6:7"
756,FCzfo,7,12,YES,"0:9,1:11,2:6,3:12,4:7,5:1,6:0"
757,FCzfw,7,13,YES,"0:7,1:10,2:3,3:13,4:12,5:11,6:0"
758,FCzjw,7,13,YES,"0:1,1:7,2:5,3:12,4:0,5:13,6:3"
759,FCzmw,7,13,YES,"0:7,1:11,2:13,3:12,4:0,5:1,6:3"
760,FCznW,7,13,YES,"0:9,1:11,2:6,3:12,4:0,5:13,6:1"
761,FCzno,7,13,YES,"0:9,1:13,2:6,3:12,4:0,5:1,6:2"
762,FCznw,7,14,YES,"0:6,1:13,2:11,3:14,4:1,5:4,6:0"
763,FCzro,7,12,YES,"0:12,1:11,2:7,3:2,4:0,5:3,6:5"
764,FCzrw,7,13,YES,"0:13,1:12,2:2,3:3,4:6,5:0,6:11"
765,FCzvg,7,13,YES,"0:3,1:13,2:12,3:9,4:2,5:0,6:5"
766,FCzvo,7,13,YES,"0:11,1:13,2:12,3:10,4:9,5:5,6:0"
767,FCzvw,7,14,YES,"0:12,1:14,2:13,3:11,4:10,5:5,6:0"
768,FCz~w,7,15,YES,"0:9,1:15,2:10,3:3,4:2,5:0,6:14"
769,FC~uw,7,14,YES,"0:12,1:13,2:14,3:1,4:0,5:6,6:10"
770,FC~vW,7,14,YES,"0:9,1:14,2:11,3:12,4:0,5:7,6:1"
771,FC~vo,7,14,YES,"0:11,1:14,2:10,3:7,4:0,5:2,6:13"
772,FC~vw,7,15,YES,"0:9,1:15,2:12,3:6,4:1,5:2,6:0"
773,FC~~w,7,16,YES,"0:15,1:16,2:12,3:8,4:0,5:2,6:11"
774,FEhbo,7,10,YES,"0:9,1:10,2:7,3:8,4:4,5:1,6:0"
775,FEhd_,7,9,YES,"0:0,1:8,2:1,3:7,4:6,5:4,6:9"
776,FEhe_,7,9,YES,"0:0,1:2,2:1,3:5,4:9,5:8,6:4"
777,FEheo,7,10,YES,"0:5,1:10,2:9,3:4,4:2,5:1,6:0"
778,FEhf?,7,9,YES,"0:0,1:3,2:4,3:9,4:7,5:2,6:8"
779,FEhf_,7,10,YES,"0:2,1:5,2:10,3:8,4:9,5:1,6:0"
780,FEhfo,7,11,YES,"0:1,1:11,2:4,3:8,4:10,5:9,6:0"
781,FEhfw,7,12,YES,"0:12,1:11,2:9,3:10,4:5,5:3,6:0"
782,FEhro,7,11,YES,"0:11,1:10,2:1,3:0,4:8,5:9,6:6"
783,FEhtg,7,11,YES,"0:2,1:11,2:4,3:0,4:8,5:1,6:9"
784,FEhto,7,11,YES,"0:10,1:11,2:9,3:0,4:7,5:4,6:1"
785,FEhtw,7,12,YES,"0:12,1:11,2:3,3:1,4:7,5:9,6:0"
786,FEhuO,7,10,YES,"0:0,1:5,2:8,3:10,4:7,5:2,6:9"
787,FEhuo,7,11,YES,"0:11,1:9,2:10,3:0,4:5,5:7,6:1"
788,FEhuw,7,12,YES,"0:10,1:12,2:11,3:1,4:8,5:7,6:0"
789,FEhv?,7,10,YES,"0:0,1:9,2:1,3:8,4:10,5:4,6:7"
790,FEhvO,7,11,YES,"0:11,1:10,2:5,3:2,4:4,5:8,6:0"
791,FEhvg,7,12,YES,"0:1,1:5,2:2,3:12,4:11,5:8,6:0"
792,FEhvo,7,12,YES,"0:12,1:6,2:11,3:7,4:2,5:3,6:0"
793,FEhvw,7,13,YES,"0:13,1:12,2:5,3:4,4:3,5:11,6:0"
794,FEhzo,7,12,YES,"0:12,1:11,2:1,3:0,4:2,5:9,6:5"
795,FEhzw,7,13,YES,"0:12,1:8,2:4,3:1,4:10,5:0,6:13"
796,FEh}o,7,12,YES,"0:12,1:10,2:11,3:0,4:4,5:6,6:1"
797,FEh}w,7,13,YES,"0:11,1:8,2:13,3:5,4:2,5:0,6:12"
798,FEh~o,7,13,YES,"0:13,1:9,2:5,3:3,4:12,5:1,6:0"
799,FEh~w,7,14,YES,"0:14,1:9,2:5,3:3,4:12,5:13,6:0"
800,FEiro,7,11,YES,"0:10,1:11,2:3,3:0,4:1,5:4,6:8"
801,FEitW,7,11,YES,"0:0,1:9,2:2,3:10,4:7,5:8,6:11"
802,FEitw,7,12,YES,"0:9,1:11,2:12,3:5,4:1,5:2,6:0"
803,FEivW,7,12,YES,"0:9,1:12,2:11,3:6,4:7,5:1,6:0"
804,FEivg,7,12,YES,"0:8,1:12,2:6,3:1,4:11,5:10,6:0"
805,FEivo,7,12,YES,"0:1,1:12,2:11,3:10,4:8,5:5,6:0"
806,FEivw,7,13,YES,"0:9,1:13,2:12,3:3,4:1,5:5,6:0"
807,FEj\w,7,13,YES,"0:11,1:13,2:12,3:1,4:3,5:0,6:5"
808,FEj]w,7,13,YES,"0:13,1:9,2:12,3:1,4:2,5:0,6:6"
809,FEj^o,7,13,YES,"0:10,1:7,2:13,3:4,4:1,5:12,6:0"
810,FEj^w,7,14,YES,"0:11,1:13,2:14,3:1,4:6,5:4,6:0"
811,FEjbo,7,11,YES,"0:9,1:10,2:7,3:11,4:4,5:1,6:0"
812,FEjdg,7,11,YES,"0:0,1:10,2:1,3:7,4:6,5:9,6:11"
813,FEjeg,7,11,YES,"0:0,1:1,2:10,3:11,4:9,5:8,6:5"
814,FEjeo,7,11,YES,"0:0,1:1,2:10,3:11,4:7,5:9,6:5"
815,FEjfG,7,11,YES,"0:0,1:1,2:5,3:11,4:9,5:8,6:6"
816,FEjf_,7,11,YES,"0:0,1:10,2:1,3:9,4:11,5:8,6:6"
817,FEjfg,7,12,YES,"0:1,1:4,2:2,3:12,4:11,5:7,6:0"
818,FEjfo,7,12,YES,"0:1,1:12,2:11,3:10,4:5,5:4,6:0"
819,FEjfw,7,13,YES,"0:1,1:13,2:12,3:11,4:7,5:9,6:0"
820,FEjrw,7,13,YES,"0:13,1:10,2:12,3:2,4:7,5:0,6:3"
821,FEjtw,7,13,YES,"0:7,1:13,2:11,3:12,4:1,5:0,6:3"
822,FEjuw,7,13,YES,"0:10,1:11,2:13,3:7,4:4,5:0,6:12"
823,FEjvW,7,13,YES,"0:11,1:13,2:12,3:10,4:6,5:0,6:4"
824,FEjvg,7,13,YES,"0:5,1:13,2:9,3:11,4:12,5:0,6:1"
825,FEjvo,7,13,YES,"0:2,1:13,2:11,3:9,4:5,5:1,6:0"
826,FEjvw,7,14,YES,"0:11,1:14,2:13,3:2,4:10,5:6,6:0"
827,FEj~o,7,14,YES,"0:6,1:14,2:12,3:13,4:8,5:0,6:3"
828,FEj~w,7,15,YES,"0:10,1:15,2:13,3:4,4:8,5:0,6:1"
829,FEl}w,7,14,YES,"0:14,1:12,2:13,3:0,4:6,5:10,6:1"
830,FEl~o,7,14,YES,"0:14,1:12,2:11,3:0,4:1,5:5,6:3"
831,FEl~w,7,15,YES,"0:15,1:14,2:4,3:2,4:10,5:11,6:0"
832,FEnaw,7,12,YES,"0:12,1:2,2:11,3:0,4:1,5:6,6:9"
833,FEnbg,7,12,YES,"0:12,1:11,2:4,3:0,4:5,5:2,6:8"
834,FEnbo,7,12,YES,"0:12,1:11,2:1,3:0,4:7,5:2,6:3"
835,FEnbw,7,13,YES,"0:11,1:12,2:4,3:5,4:13,5:1,6:0"
836,FEncw,7,12,YES,"0:0,1:11,2:1,3:3,4:12,5:7,6:2"
837,FEndg,7,12,YES,"0:0,1:11,2:6,3:1,4:12,5:4,6:9"
838,FEnew,7,13,YES,"0:9,1:13,2:12,3:3,4:7,5:1,6:0"
839,FEnf_,7,12,YES,"0:0,1:11,2:1,3:6,4:10,5:12,6:8"
840,FEnfg,7,13,YES,"0:3,1:13,2:12,3:11,4:2,5:7,6:0"
841,FEnfo,7,13,YES,"0:10,1:13,2:12,3:11,4:7,5:4,6:0"
842,FEnfw,7,14,YES,"0:11,1:14,2:13,3:8,4:1,5:9,6:0"
843,FEnvW,7,14,YES,"0:9,1:14,2:13,3:4,4:10,5:0,6:2"
844,FEnvg,7,14,YES,"0:2,1:14,2:1,3:0,4:7,5:13,6:10"
845,FEnvo,7,14,YES,"0:11,1:14,2:13,3:0,4:9,5:1,6:6"
846,FEnvw,7,15,YES,"0:1,1:15,2:14,3:13,4:8,5:4,6:0"
847,FEn~w,7,16,YES,"0:1,1:16,2:11,3:10,4:15,5:0,6:3"
848,FEr]o,7,12,YES,"0:0,1:6,2:11,3:12,4:9,5:1,6:2"
849,FEr]w,7,13,YES,"0:13,1:11,2:12,3:1,4:6,5:0,6:9"
850,FEr^o,7,13,YES,"0:12,1:9,2:13,3:1,4:2,5:6,6:0"
851,FEr^w,7,14,YES,"0:13,1:12,2:14,3:3,4:7,5:11,6:0"
852,FErtw,7,13,YES,"0:8,1:12,2:13,3:7,4:2,5:0,6:11"
853,FEruw,7,13,YES,"0:1,1:5,2:13,3:12,4:11,5:0,6:9"
854,FErvW,7,13,YES,"0:12,1:7,2:13,3:1,4:2,5:0,6:4"
855,FErvg,7,13,YES,"0:12,1:10,2:13,3:8,4:1,5:0,6:7"
856,FErvo,7,13,YES,"0:10,1:8,2:13,3:6,4:11,5:1,6:0"
857,FErvw,7,14,YES,"0:1,1:2,2:14,3:7,4:13,5:10,6:0"
858,FEr~o,7,14,YES,"0:13,1:8,2:14,3:12,4:6,5:0,6:3"
859,FEr~w,7,15,YES,"0:15,1:9,2:14,3:13,4:8,5:0,6:3"
860,FEu|w,7,14,YES,"0:11,1:14,2:1,3:0,4:6,5:13,6:10"
861,FEu~g,7,14,YES,"0:14,1:2,2:13,3:0,4:11,5:1,6:6"
862,FEu~o,7,14,YES,"0:12,1:14,2:13,3:0,4:1,5:3,6:8"
863,FEu~w,7,15,YES,"0:12,1:14,2:15,3:1,4:10,5:7,6:0"
864,FEv\w,7,14,YES,"0:12,1:14,2:13,3:0,4:1,5:8,6:3"
865,FEv]w,7,14,NO,-
866,FEv^o,7,14,YES,"0:2,1:1,2:13,3:0,4:14,5:11,6:6"
867,FEv^w,7,15,NO,-
868,FEvvW,7,14,YES,"0:13,1:12,2:14,3:7,4:11,5:0,6:3"
869,FEvvg,7,14,YES,"0:14,1:3,2:1,3:0,4:13,5:12,6:8"
870,FEvvo,7,14,YES,"0:14,1:7,2:13,3:0,4:11,5:5,6:1"
871,FEvvw,7,15,YES,"0:14,1:7,2:15,3:13,4:5,5:3,6:0"
872,FEv~w,7,16,YES,"0:16,1:8,2:12,3:15,4:11,5:0,6:2"
873,FEzPw,7,12,YES,"0:12,1:10,2:11,3:0,4:6,5:1,6:8"
874,FEzSw,7,12,YES,"0:0,1:1,2:11,3:9,4:12,5:6,6:2"
875,FEzTg,7,12,YES,"0:0,1:10,2:1,3:9,4:6,5:2,6:12"
876,FEzTw,7,13,YES,"0:10,1:1,2:13,3:12,4:9,5:7,6:0"
877,FEzUg,7,12,YES,"0:0,1:1,2:11,3:12,4:5,5:9,6:2"
878,FEzUo,7,12,YES,"0:0,1:1,2:11,3:12,4:7,5:9,6:2"
879,FEzUw,7,13,YES,"0:12,1:7,2:11,3:13,4:3,5:2,6:0"
880,FEzVO,7,12,YES,"0:0,1:3,2:7,3:12,4:11,5:10,6:6"
881,FEzV_,7,12,YES,"0:0,1:1,2:11,3:8,4:12,5:10,6:5"
882,FEzVg,7,13,YES,"0:11,1:7,2:13,3:2,4:1,5:3,6:0"
883,FEzVo,7,13,YES,"0:12,1:9,2:10,3:7,4:13,5:1,6:0"
884,FEzVw,7,14,NO,-
885,FEzeW,7,12,YES,"0:0,1:1,2:11,3:12,4:10,5:8,6:6"
886,FEzfO,7,12,YES,"0:0,1:1,2:11,3:12,4:10,5:5,6:8"
887,FEzfW,7,13,YES,"0:1,1:8,2:7,3:12,4:13,5:10,6:0"
888,FEzf_,7,12,YES,"0:0,1:9,2:11,3:12,4:2,5:5,6:1"
889,FEzfo,7,13,YES,"0:10,1:5,2:13,3:12,4:4,5:2,6:0"
890,FEzfw,7,14,YES,"0:1,1:4,2:14,3:13,4:11,5:6,6:0"
891,FEznW,7,14,YES,"0:13,1:10,2:14,3:1,4:0,5:6,6:11"
892,FEzno,7,14,YES,"0:10,1:6,2:14,3:13,4:0,5:1,6:2"
893,FEznw,7,15,YES,"0:14,1:9,2:15,3:3,4:2,5:10,6:0"
894,FEzvO,7,13,YES,"0:0,1:2,2:11,3:12,4:13,5:3,6:7"
895,FEzvg,7,14,YES,"0:11,1:9,2:14,3:5,4:1,5:0,6:12"
896,FEzvo,7,14,YES,"0:14,1:8,2:13,3:9,4:10,5:2,6:0"
897,FEzvw,7,15,YES,"0:14,1:7,2:15,3:13,4:3,5:5,6:0"
898,FEz~w,7,16,YES,"0:12,1:9,2:16,3:4,4:2,5:0,6:15"
899,FE~tw,7,15,YES,"0:14,1:15,2:13,3:0,4:6,5:11,6:1"
900,FE~uw,7,15,YES,"0:12,1:10,2:14,3:0,4:1,5:8,6:15"
901,FE~vW,7,15,YES,"0:4,1:2,2:15,3:13,4:0,5:7,6:14"
902,FE~vo,7,15,YES,"0:11,1:7,2:1,3:0,4:15,5:13,6:10"
903,FE~vw,7,16,YES,"0:10,1:6,2:16,3:13,4:1,5:2,6:0"
904,FE~~w,7,17,YES,"0:13,1:11,2:15,3:8,4:0,5:1,6:17"
905,FFzeo,7,13,YES,"0:0,1:1,2:12,3:13,4:7,5:9,6:11"
906,FFzf_,7,13,YES,"0:0,1:4,2:8,3:11,4:13,5:12,6:10"
907,FFzfo,7,14,YES,"0:14,1:11,2:8,3:5,4:12,5:1,6:0"
908,FFzfw,7,15,YES,"0:15,1:14,2:13,3:4,4:8,5:12,6:0"
909,FFzvO,7,14,NO,-
910,FFzvg,7,15,YES,"0:1,1:3,2:5,3:0,4:14,5:15,6:7"
911,FFzvo,7,15,YES,"0:15,1:14,2:13,3:0,4:4,5:12,6:8"
912,FFzvw,7,16,YES,"0:16,1:14,2:12,3:1,4:10,5:9,6:0"
913,FFz~o,7,16,NO,-
914,FFz~w,7,17,YES,"0:17,1:16,2:15,3:9,4:14,5:0,6:4"
915,FF~~w,7,18,NO,-
916,FQhTO,7,9,NO,-
917,FQhV?,7,9,YES,"0:0,1:5,2:1,3:8,4:7,5:3,6:9"
918,FQhVO,7,10,YES,"0:0,1:1,2:10,3:8,4:6,5:3,6:9"
919,FQhV_,7,10,YES,"0:10,1:6,2:8,3:5,4:1,5:2,6:0"
920,FQhVo,7,11,YES,"0:0,1:1,2:11,3:5,4:3,5:7,6:10"
921,FQhVw,7,12,NO,-
922,FQilW,7,11,NO,-
923,FQinO,7,11,YES,"0:0,1:2,2:1,3:10,4:4,5:6,6:11"
924,FQinW,7,12,YES,"0:12,1:7,2:1,3:2,4:10,5:4,6:0"
925,FQino,7,12,YES,"0:11,1:12,2:8,3:10,4:7,5:2,6:0"
926,FQinw,7,13,NO,-
927,FQjR_,7,10,YES,"0:0,1:1,2:10,3:3,4:9,5:8,6:7"
928,FQjRo,7,11,YES,"0:1,1:9,2:11,3:8,4:7,5:6,6:0"
929,FQjUg,7,11,YES,"0:6,1:11,2:10,3:9,4:3,5:0,6:1"
930,FQjVG,7,11,YES,"0:0,1:5,2:1,3:10,4:11,5:3,6:9"
931,FQjVO,7,11,YES,"0:0,1:9,2:11,3:1,4:4,5:10,6:6"
932,FQjV_,7,11,YES,"0:0,1:9,2:4,3:1,4:11,5:10,6:6"
933,FQjVg,7,12,YES,"0:2,1:12,2:11,3:5,4:1,5:8,6:0"
934,FQjVo,7,12,YES,"0:2,1:12,2:11,3:5,4:10,5:8,6:0"
935,FQjVw,7,13,YES,"0:4,1:13,2:11,3:3,4:6,5:12,6:0"
936,FQjdg,7,11,YES,"0:0,1:10,2:6,3:1,4:8,5:7,6:11"
937,FQjdo,7,11,YES,"0:0,1:10,2:5,3:1,4:4,5:2,6:11"
938,FQjdw,7,12,YES,"0:12,1:11,2:7,3:9,4:4,5:1,6:0"
939,FQjew,7,12,YES,"0:6,1:11,2:1,3:12,4:10,5:8,6:0"
940,FQjfG,7,11,YES,"0:0,1:4,2:11,3:10,4:7,5:9,6:1"
941,FQjfW,7,12,YES,"0:12,1:3,2:1,3:11,4:10,5:7,6:0"
942,FQjfg,7,12,YES,"0:3,1:2,2:4,3:12,4:9,5:11,6:0"
943,FQjfo,7,12,YES,"0:11,1:8,2:2,3:12,4:5,5:1,6:0"
944,FQjfw,7,13,YES,"0:11,1:3,2:4,3:13,4:6,5:12,6:0"
945,FQjlw,7,13,YES,"0:12,1:13,2:1,3:3,4:9,5:0,6:7"
946,FQjnW,7,13,YES,"0:9,1:2,2:1,3:12,4:6,5:0,6:13"
947,FQjno,7,13,YES,"0:0,1:4,2:11,3:12,4:1,5:13,6:7"
948,FQjnw,7,14,YES,"0:12,1:8,2:2,3:14,4:9,5:13,6:0"
949,FQjuw,7,13,YES,"0:4,1:13,2:11,3:3,4:6,5:0,6:12"
950,FQjvW,7,13,YES,"0:11,1:3,2:4,3:13,4:6,5:0,6:12"
951,FQjvg,7,13,YES,"0:9,1:13,2:6,3:12,4:1,5:0,6:2"
952,FQjvo,7,13,YES,"0:11,1:13,2:6,3:12,4:4,5:3,6:0"
953,FQjvw,7,14,YES,"0:13,1:14,2:7,3:12,4:8,5:3,6:0"
954,FQj~o,7,14,YES,"0:14,1:12,2:5,3:2,4:8,5:0,6:1"
955,FQj~w,7,15,NO,-
956,FQyqw,7,12,YES,"0:12,1:10,2:5,3:7,4:0,5:1,6:9"
957,FQytW,7,12,YES,"0:0,1:11,2:12,3:2,4:1,5:4,6:7"
958,FQyuW,7,12,YES,"0:0,1:1,2:9,3:11,4:7,5:8,6:12"
959,FQyuo,7,12,YES,"0:0,1:11,2:9,3:1,4:4,5:3,6:12"
960,FQyuw,7,13,YES,"0:6,1:11,2:1,3:3,4:2,5:13,6:0"
961,FQyvO,7,12,YES,"0:0,1:4,2:10,3:11,4:12,5:6,6:1"
962,FQyvW,7,13,YES,"0:13,1:9,2:11,3:12,4:1,5:7,6:0"
963,FQyv_,7,12,YES,"0:0,1:11,2:1,3:2,4:3,5:12,6:7"
964,FQyvo,7,13,YES,"0:13,1:12,2:10,3:1,4:4,5:8,6:0"
965,FQyvw,7,14,YES,"0:9,1:14,2:8,3:3,4:2,5:13,6:0"
966,FQy}w,7,14,YES,"0:7,1:14,2:12,3:5,4:0,5:13,6:3"
967,FQy~o,7,14,YES,"0:5,1:14,2:3,3:2,4:0,5:9,6:13"
968,FQy~w,7,15,YES,"0:14,1:15,2:9,3:2,4:3,5:10,6:0"
969,FQzTo,7,12,YES,"0:0,1:11,2:8,3:1,4:5,5:2,6:12"
970,FQzUW,7,12,YES,"0:0,1:5,2:12,3:11,4:1,5:3,6:10"
971,FQzUo,7,12,YES,"0:0,1:8,2:12,3:3,4:2,5:7,6:11"
972,FQzVO,7,12,YES,"0:0,1:1,2:4,3:11,4:12,5:2,6:7"
973,FQzVW,7,13,YES,"0:1,1:3,2:13,3:12,4:11,5:7,6:0"
974,FQzV_,7,12,YES,"0:0,1:9,2:12,3:11,4:3,5:4,6:1"
975,FQzVo,7,13,YES,"0:5,1:11,2:13,3:12,4:7,5:2,6:0"
976,FQzVw,7,14,YES,"0:0,1:6,2:14,3:1,4:13,5:12,6:4"
977,FQz^o,7,14,YES,"0:13,1:12,2:14,3:1,4:0,5:10,6:8"
978,FQz^w,7,15,YES,"0:10,1:8,2:15,3:14,4:12,5:1,6:0"
979,FQzlw,7,14,YES,"0:14,1:10,2:12,3:13,4:0,5:1,6:8"
980,FQzmw,7,14,YES,"0:14,1:10,2:12,3:13,4:0,5:1,6:6"
981,FQznW,7,14,YES,"0:8,1:1,2:3,3:13,4:0,5:14,6:10"
982,FQzno,7,14,YES,"0:9,1:2,2:6,3:12,4:0,5:14,6:13"
983,FQznw,7,15,YES,"0:13,1:9,2:10,3:15,4:2,5:14,6:0"
984,FQzuo,7,13,YES,"0:0,1:4,2:13,3:2,4:1,5:8,6:11"
985,FQzvO,7,13,NO,-
986,FQzvg,7,14,YES,"0:9,1:12,2:6,3:14,4:2,5:0,6:1"
987,FQzvo,7,14,YES,"0:8,1:2,2:5,3:13,4:14,5:12,6:0"
988,FQzvw,7,15,YES,"0:13,1:14,2:7,3:15,4:5,5:3,6:0"
989,FQz~w,7,16,YES,"0:15,1:11,2:8,3:16,4:12,5:0,6:2"
990,FQ~vW,7,15,YES,"0:10,1:1,2:8,3:13,4:0,5:4,6:15"
991,FQ~vo,7,15,YES,"0:15,1:14,2:8,3:5,4:0,5:4,6:2"
992,FQ~vw,7,16,YES,"0:12,1:9,2:1,3:6,4:16,5:14,6:0"
993,FQ~~w,7,17,NO,-
994,FTm|w,7,15,NO,-
995,FTm~o,7,15,NO,-
996,FTm~w,7,16,NO,-
997,FTnvg,7,15,NO,-
998,FTnvo,7,15,YES,"0:0,1:14,2:13,3:1,4:15,5:6,6:4"
999,FTnvw,7,16,YES,"0:16,1:15,2:2,3:13,4:12,5:7,6:0"
1000,FTn~w,7,17,YES,"0:17,1:15,2:16,3:3,4:9,5:0,6:5"
1001,FTznw,7,16,YES,"0:16,1:12,2:14,3:10,4:1,5:9,6:0"
1002,FTzvW,7,15,YES,"0:0,1:14,2:15,3:10,4:8,5:1,6:12"
1003,FTzvg,7,15,YES,"0:0,1:14,2:15,3:7,4:3,5:1,6:5"
1004,FTzvo,7,15,YES,"0:0,1:14,2:15,3:7,4:5,5:1,6:3"
1005,FTzvw,7,16,YES,"0:15,1:16,2:3,3:11,4:10,5:2,6:0"
1006,FTz~w,7,17,YES,"0:16,1:17,2:5,3:15,4:9,5:0,6:3"
1007,FT~~w,7,18,NO,-
1008,FUZuw,7,14,YES,"0:3,1:2,2:14,3:12,4:1,5:0,6:8"
1009,FUZvW,7,14,YES,"0:8,1:12,2:13,3:14,4:2,5:0,6:9"
1010,FUZv_,7,13,NO,-
1011,FUZvg,7,14,YES,"0:14,1:13,2:10,3:6,4:1,5:0,6:11"
1012,FUZvo,7,14,YES,"0:14,1:1,2:3,3:9,4:13,5:7,6:0"
1013,FUZvw,7,15,YES,"0:14,1:2,2:3,3:10,4:15,5:9,6:0"
1014,FUZ~o,7,15,NO,-
1015,FUZ~w,7,16,YES,"0:16,1:15,2:2,3:3,4:11,5:0,6:10"
1016,FUxuo,7,13,YES,"0:0,1:11,2:13,3:12,4:6,5:2,6:8"
1017,FUxvO,7,13,YES,"0:0,1:3,2:8,3:13,4:12,5:2,6:5"
1018,FUxv_,7,13,YES,"0:0,1:1,2:4,3:2,4:13,5:12,6:7"
1019,FUxvo,7,14,YES,"0:14,1:11,2:1,3:5,4:4,5:13,6:0"
1020,FUxvw,7,15,YES,"0:15,1:14,2:13,3:3,4:8,5:4,6:0"
1021,FUz]w,7,15,YES,"0:0,1:2,2:15,3:14,4:7,5:13,6:4"
1022,FUz^o,7,15,YES,"0:0,1:13,2:15,3:14,4:7,5:4,6:2"
1023,FUz^w,7,16,YES,"0:7,1:14,2:16,3:4,4:1,5:12,6:0"
1024,FUzro,7,14,NO,-
1025,FUzvW,7,15,YES,"0:0,1:1,2:5,3:15,4:11,5:13,6:4"
1026,FUzvo,7,15,YES,"0:0,1:14,2:15,3:12,4:5,5:1,6:8"
1027,FUzvw,7,16,YES,"0:9,1:16,2:13,3:6,4:2,5:1,6:0"
1028,FUz~w,7,17,YES,"0:2,1:17,2:15,3:16,4:9,5:0,6:5"
1029,FU~vW,7,16,YES,"0:0,1:14,2:15,3:16,4:4,5:9,6:1"
1030,FU~vo,7,16,YES,"0:0,1:1,2:4,3:9,4:14,5:16,6:3"
1031,FU~vw,7,17,YES,"0:16,1:17,2:15,3:14,4:4,5:9,6:0"
1032,FU~~w,7,18,NO,-
1033,FV~~w,7,19,NO,-
1034,F]y~w,7,17,YES,"0:17,1:15,2:4,3:1,4:12,5:10,6:0"
1035,F]zlw,7,16,YES,"0:0,1:8,2:16,3:14,4:15,5:13,6:4"
1036,F]znW,7,16,YES,"0:2,1:7,2:0,3:13,4:16,5:15,6:12"
1037,F]zno,7,16,YES,"0:0,1:3,2:15,3:16,4:6,5:10,6:14"
1038,F]znw,7,17,YES,"0:4,1:9,2:17,3:15,4:16,5:14,6:0"
1039,F]z~w,7,18,NO,-
1040,F]~vo,7,17,NO,-
1041,F]~vw,7,18,NO,-
1042,F]~~w,7,19,NO,-
1043,F^~~w,7,20,NO,-
1044,F~~~w,7,21,NO,-
